{
	"@context": {
		"rdf": "http://www.w3.org/1999/02/22-rdf-syntax-ns#",
		"rdfs": "http://www.w3.org/2000/01/rdf-schema#",
		"xsd": "http://www.w3.org/2001/XMLSchema#"
	},
	"@graph": [
		{
			"@id": "http://cim.vodafone.com/ServiceAccountAdjustment",
			"@type": "rdfs:Class",
			"http://schema.org/isPartOf": {
				"@id": "http://cim.vodafone.com"
			},
			"rdfs:comment": "serviceAccountAdjustment",
			"rdfs:label": "ServiceAccountAdjustment",
			"rdfs:subClassOf": {
				"@id": "http://schema.org/Thing"
			}
		},
		{
			"@id": "http://cim.vodafone.com/id",
			"@type": "rdfs:Property",
			"http://schema.org/domainIncludes": [
				{
					"@id": "http://cim.vodafone.com/ServiceAccountAdjustment"
				}
			],
			"http://schema.org/rangeIncludes": {
				"@id": "http://schema.org/Text"
			},
			"http://schema.org/isPartOf": {
				"@id": "http://cim.vodafone.com"
			},
			"rdfs:comment": " The identifier of the business object or component. This should be used to identify instances of a business object or component. Where the component is being used to reference another business object then this is the primary key of the target object. Use the attributes @schemeName and @schemeAgencyName to identify type of Identifier.",
			"rdfs:label": "id"
		},
		{
			"@id": "http://cim.vodafone.com/name",
			"@type": "rdfs:Property",
			"http://schema.org/domainIncludes": [
				{
					"@id": "http://cim.vodafone.com/ServiceAccountAdjustment"
				}
			],
			"http://schema.org/rangeIncludes": {
				"@id": "http://schema.org/Text"
			},
			"http://schema.org/isPartOf": {
				"@id": "http://cim.vodafone.com"
			},
			"rdfs:comment": " The name of the instance of a business object or component.",
			"rdfs:label": "name"
		},
		{
			"@id": "http://cim.vodafone.com/desc",
			"@type": "rdfs:Property",
			"http://schema.org/domainIncludes": [
				{
					"@id": "http://cim.vodafone.com/ServiceAccountAdjustment"
				}
			],
			"http://schema.org/rangeIncludes": {
				"@id": "http://schema.org/Text"
			},
			"http://schema.org/isPartOf": {
				"@id": "http://cim.vodafone.com"
			},
			"rdfs:comment": " A free text description of a business object or component.",
			"rdfs:label": "desc"
		},
		{
			"@id": "http://cim.vodafone.com/type",
			"@type": "rdfs:Property",
			"http://schema.org/domainIncludes": [
				{
					"@id": "http://cim.vodafone.com/ServiceAccountAdjustment"
				}
			],
			"http://schema.org/rangeIncludes": {
				"@id": "http://schema.org/Text"
			},
			"http://schema.org/isPartOf": {
				"@id": "http://cim.vodafone.com"
			},
			"rdfs:comment": " A classification of the business object or component. This identifies the sub-type of the instance of object or component.",
			"rdfs:label": "type"
		},
		{
			"@id": "http://cim.vodafone.com/category",
			"@type": "rdfs:Property",
			"http://schema.org/domainIncludes": [
				{
					"@id": "http://cim.vodafone.com/ServiceAccountAdjustment"
				}
			],
			"http://schema.org/rangeIncludes": {
				"@id": "http://schema.org/Text"
			},
			"http://schema.org/isPartOf": {
				"@id": "http://cim.vodafone.com"
			},
			"rdfs:comment": " A classification applied to the business object or component. More than one classification scheme can be applied using the @listName attribute to identify the type of code list being used. The classification scheme can be used to group instances of the object or component.",
			"rdfs:label": "category"
		},
		{
			"@id": "http://cim.vodafone.com/status",
			"@type": "rdfs:Property",
			"http://schema.org/domainIncludes": [
				{
					"@id": "http://cim.vodafone.com/ServiceAccountAdjustment"
				}
			],
			"http://schema.org/rangeIncludes": {
				"@id": "http://schema.org/Text"
			},
			"http://schema.org/isPartOf": {
				"@id": "http://cim.vodafone.com"
			},
			"rdfs:comment": " The lifecycle state of the business object or component. This field is used to track the specific state an instance of an object or component is in, e.g. the Customer Bill is Active or the Customer Request has been Cancelled.",
			"rdfs:label": "status"
		},
		{
			"@id": "http://cim.vodafone.com/version",
			"@type": "rdfs:Property",
			"http://schema.org/domainIncludes": [
				{
					"@id": "http://cim.vodafone.com/ServiceAccountAdjustment"
				}
			],
			"http://schema.org/rangeIncludes": {
				"@id": "http://schema.org/Text"
			},
			"http://schema.org/isPartOf": {
				"@id": "http://cim.vodafone.com"
			},
			"rdfs:comment": " A field that identifies the specific version of an instance of a business object or component. This field should be used in support of multi-agent environments to control the concurrency (locking) of the instance.",
			"rdfs:label": "version"
		},
		{
			"@id": "http://cim.vodafone.com/created",
			"@type": "rdfs:Property",
			"http://schema.org/domainIncludes": [
				{
					"@id": "http://cim.vodafone.com/ServiceAccountAdjustment"
				}
			],
			"http://schema.org/rangeIncludes": {
				"@id": "http://schema.org/DateTime"
			},
			"http://schema.org/isPartOf": {
				"@id": "http://cim.vodafone.com"
			},
			"rdfs:comment": " The date and time the business object or component was created. A date and time formatted in compliance with the ISO8601 standard must be used.",
			"rdfs:label": "created"
		},
		{
			"@id": "http://cim.vodafone.com/createdBy",
			"@type": "rdfs:Property",
			"http://schema.org/domainIncludes": [
				{
					"@id": "http://cim.vodafone.com/ServiceAccountAdjustment"
				}
			],
			"http://schema.org/rangeIncludes": {
				"@id": "http://schema.org/Text"
			},
			"http://schema.org/isPartOf": {
				"@id": "http://cim.vodafone.com"
			},
			"rdfs:comment": " The unique ID of the User that created the instance of the business object or component. This should be used as a reference to the IDM system and the details about that User.",
			"rdfs:label": "createdBy"
		},
		{
			"@id": "http://cim.vodafone.com/lastModified",
			"@type": "rdfs:Property",
			"http://schema.org/domainIncludes": [
				{
					"@id": "http://cim.vodafone.com/ServiceAccountAdjustment"
				}
			],
			"http://schema.org/rangeIncludes": {
				"@id": "http://schema.org/DateTime"
			},
			"http://schema.org/isPartOf": {
				"@id": "http://cim.vodafone.com"
			},
			"rdfs:comment": " The date and time the business object or component was last modified. A date and time formatted in compliance with the ISO8601 standard must be used.",
			"rdfs:label": "lastModified"
		},
		{
			"@id": "http://cim.vodafone.com/lastModifiedBy",
			"@type": "rdfs:Property",
			"http://schema.org/domainIncludes": [
				{
					"@id": "http://cim.vodafone.com/ServiceAccountAdjustment"
				}
			],
			"http://schema.org/rangeIncludes": {
				"@id": "http://schema.org/Text"
			},
			"http://schema.org/isPartOf": {
				"@id": "http://cim.vodafone.com"
			},
			"rdfs:comment": " The unique ID of the User that last modified the instance of the business object or component. This should be used as a reference to the IDM system and the details about that User.",
			"rdfs:label": "lastModifiedBy"
		},
		{
			"@id": "http://cim.vodafone.com/validityPeriod",
			"@type": "rdfs:Property",
			"http://schema.org/domainIncludes": [
				{
					"@id": "http://cim.vodafone.com/ServiceAccountAdjustment"
				}
			],
			"http://schema.org/rangeIncludes": {
				"@id": "http://schema.org/DateTime"
			},
			"http://schema.org/isPartOf": {
				"@id": "http://cim.vodafone.com"
			},
			"rdfs:comment": " A component that states the date and time from which this business object is effective (or valid) and the date and time to which it is effective. Again the ISO8601 standard must be used.",
			"rdfs:label": "validityPeriod"
		},
		{
			"@id": "http://cim.vodafone.com/lastActivityDate",
			"@type": "rdfs:Property",
			"http://schema.org/domainIncludes": [
				{
					"@id": "http://cim.vodafone.com/ServiceAccountAdjustment"
				}
			],
			"http://schema.org/rangeIncludes": {
				"@id": "http://schema.org/DateTime"
			},
			"http://schema.org/isPartOf": {
				"@id": "http://cim.vodafone.com"
			},
			"rdfs:comment": " A field representing the date and time on which business activity was last made on this business object or component. The date and time must conform to the ISO8601 standard.",
			"rdfs:label": "lastActivityDate"
		},
		{
			"@id": "http://cim.vodafone.com/adjustmentAmount",
			"@type": "rdfs:Property",
			"http://schema.org/domainIncludes": [
				{
					"@id": "http://cim.vodafone.com/ServiceAccountAdjustment"
				}
			],
			"http://schema.org/rangeIncludes": {
				"@id": "http://schema.org/Number"
			},
			"http://schema.org/isPartOf": {
				"@id": "http://cim.vodafone.com"
			},
			"rdfs:comment": " The Amount to transfer from/to the Transfer Account.",
			"rdfs:label": "adjustmentAmount"
		},
		{
			"@id": "http://cim.vodafone.com/adjustmentQuantity",
			"@type": "rdfs:Property",
			"http://schema.org/domainIncludes": [
				{
					"@id": "http://cim.vodafone.com/ServiceAccountAdjustment"
				}
			],
			"http://schema.org/rangeIncludes": {
				"@id": "http://schema.org/Number"
			},
			"http://schema.org/isPartOf": {
				"@id": "http://cim.vodafone.com"
			},
			"rdfs:comment": " The Quantity to transfer from/to the Transfer Account, if non-monetary values are required.",
			"rdfs:label": "adjustmentQuantity"
		},
		{
			"@id": "http://cim.vodafone.com/relatedServiceAccountAdjustment",
			"@type": "rdfs:Property",
			"http://schema.org/domainIncludes": [
				{
					"@id": "http://cim.vodafone.com/ServiceAccountAdjustment"
				}
			],
			"http://schema.org/rangeIncludes": {
				"@id": "http://schema.org/RelatedServiceAccountAdjustment"
			},
			"http://schema.org/isPartOf": {
				"@id": "http://cim.vodafone.com"
			},
			"rdfs:comment": " ",
			"rdfs:label": "relatedServiceAccountAdjustment"
		},
		{
			"@id": "http://cim.vodafone.com/RelatedServiceAccountAdjustment",
			"@type": "rdfs:Class",
			"http://schema.org/isPartOf": {
				"@id": "http://cim.vodafone.com"
			},
			"rdfs:comment": " ",
			"rdfs:label": "RelatedServiceAccountAdjustment",
			"rdfs:subClassOf": {
				"@id": "http://schema.org/Thing"
			}
		},
		{
			"@id": "http://cim.vodafone.com/id",
			"@type": "rdfs:Property",
			"http://schema.org/domainIncludes": [
				{
					"@id": "http://cim.vodafone.com/RelatedServiceAccountAdjustment"
				}
			],
			"http://schema.org/rangeIncludes": {
				"@id": "http://schema.org/Text"
			},
			"http://schema.org/isPartOf": {
				"@id": "http://cim.vodafone.com"
			},
			"rdfs:comment": " The identifier of the business object or component. This should be used to identify instances of a business object or component. Where the component is being used to reference another business object then this is the primary key of the target object. Use the attributes @schemeName and @schemeAgencyName to identify type of Identifier.",
			"rdfs:label": "id"
		},
		{
			"@id": "http://cim.vodafone.com/name",
			"@type": "rdfs:Property",
			"http://schema.org/domainIncludes": [
				{
					"@id": "http://cim.vodafone.com/RelatedServiceAccountAdjustment"
				}
			],
			"http://schema.org/rangeIncludes": {
				"@id": "http://schema.org/Text"
			},
			"http://schema.org/isPartOf": {
				"@id": "http://cim.vodafone.com"
			},
			"rdfs:comment": " The name of the instance of a business object or component.",
			"rdfs:label": "name"
		},
		{
			"@id": "http://cim.vodafone.com/desc",
			"@type": "rdfs:Property",
			"http://schema.org/domainIncludes": [
				{
					"@id": "http://cim.vodafone.com/RelatedServiceAccountAdjustment"
				}
			],
			"http://schema.org/rangeIncludes": {
				"@id": "http://schema.org/Text"
			},
			"http://schema.org/isPartOf": {
				"@id": "http://cim.vodafone.com"
			},
			"rdfs:comment": " A free text description of a business object or component.",
			"rdfs:label": "desc"
		},
		{
			"@id": "http://cim.vodafone.com/type",
			"@type": "rdfs:Property",
			"http://schema.org/domainIncludes": [
				{
					"@id": "http://cim.vodafone.com/RelatedServiceAccountAdjustment"
				}
			],
			"http://schema.org/rangeIncludes": {
				"@id": "http://schema.org/Text"
			},
			"http://schema.org/isPartOf": {
				"@id": "http://cim.vodafone.com"
			},
			"rdfs:comment": " A classification of the business object or component. This identifies the sub-type of the instance of object or component.",
			"rdfs:label": "type"
		},
		{
			"@id": "http://cim.vodafone.com/category",
			"@type": "rdfs:Property",
			"http://schema.org/domainIncludes": [
				{
					"@id": "http://cim.vodafone.com/RelatedServiceAccountAdjustment"
				}
			],
			"http://schema.org/rangeIncludes": {
				"@id": "http://schema.org/Text"
			},
			"http://schema.org/isPartOf": {
				"@id": "http://cim.vodafone.com"
			},
			"rdfs:comment": " A classification applied to the business object or component. More than one classification scheme can be applied using the @listName attribute to identify the type of code list being used. The classification scheme can be used to group instances of the object or component.",
			"rdfs:label": "category"
		},
		{
			"@id": "http://cim.vodafone.com/status",
			"@type": "rdfs:Property",
			"http://schema.org/domainIncludes": [
				{
					"@id": "http://cim.vodafone.com/RelatedServiceAccountAdjustment"
				}
			],
			"http://schema.org/rangeIncludes": {
				"@id": "http://schema.org/Text"
			},
			"http://schema.org/isPartOf": {
				"@id": "http://cim.vodafone.com"
			},
			"rdfs:comment": " The lifecycle state of the business object or component. This field is used to track the specific state an instance of an object or component is in, e.g. the Customer Bill is Active or the Customer Request has been Cancelled.",
			"rdfs:label": "status"
		},
		{
			"@id": "http://cim.vodafone.com/sender",
			"@type": "rdfs:Property",
			"http://schema.org/domainIncludes": [
				{
					"@id": "http://cim.vodafone.com/ServiceAccountAdjustment"
				}
			],
			"http://schema.org/rangeIncludes": {
				"@id": "http://schema.org/Sender"
			},
			"http://schema.org/isPartOf": {
				"@id": "http://cim.vodafone.com"
			},
			"rdfs:comment": " ",
			"rdfs:label": "sender"
		},
		{
			"@id": "http://cim.vodafone.com/Sender",
			"@type": "rdfs:Class",
			"http://schema.org/isPartOf": {
				"@id": "http://cim.vodafone.com"
			},
			"rdfs:comment": " ",
			"rdfs:label": "Sender",
			"rdfs:subClassOf": {
				"@id": "http://schema.org/Thing"
			}
		},
		{
			"@id": "http://cim.vodafone.com/id",
			"@type": "rdfs:Property",
			"http://schema.org/domainIncludes": [
				{
					"@id": "http://cim.vodafone.com/Sender"
				}
			],
			"http://schema.org/rangeIncludes": {
				"@id": "http://schema.org/Text"
			},
			"http://schema.org/isPartOf": {
				"@id": "http://cim.vodafone.com"
			},
			"rdfs:comment": " The identifier of the business object or component. This should be used to identify instances of a business object or component. Where the component is being used to reference another business object then this is the primary key of the target object. Use the attributes @schemeName and @schemeAgencyName to identify type of Identifier.",
			"rdfs:label": "id"
		},
		{
			"@id": "http://cim.vodafone.com/name",
			"@type": "rdfs:Property",
			"http://schema.org/domainIncludes": [
				{
					"@id": "http://cim.vodafone.com/Sender"
				}
			],
			"http://schema.org/rangeIncludes": {
				"@id": "http://schema.org/Text"
			},
			"http://schema.org/isPartOf": {
				"@id": "http://cim.vodafone.com"
			},
			"rdfs:comment": " The name of the instance of a business object or component.",
			"rdfs:label": "name"
		},
		{
			"@id": "http://cim.vodafone.com/desc",
			"@type": "rdfs:Property",
			"http://schema.org/domainIncludes": [
				{
					"@id": "http://cim.vodafone.com/Sender"
				}
			],
			"http://schema.org/rangeIncludes": {
				"@id": "http://schema.org/Text"
			},
			"http://schema.org/isPartOf": {
				"@id": "http://cim.vodafone.com"
			},
			"rdfs:comment": " A free text description of a business object or component.",
			"rdfs:label": "desc"
		},
		{
			"@id": "http://cim.vodafone.com/type",
			"@type": "rdfs:Property",
			"http://schema.org/domainIncludes": [
				{
					"@id": "http://cim.vodafone.com/Sender"
				}
			],
			"http://schema.org/rangeIncludes": {
				"@id": "http://schema.org/Text"
			},
			"http://schema.org/isPartOf": {
				"@id": "http://cim.vodafone.com"
			},
			"rdfs:comment": " A classification of the business object or component. This identifies the sub-type of the instance of object or component.",
			"rdfs:label": "type"
		},
		{
			"@id": "http://cim.vodafone.com/category",
			"@type": "rdfs:Property",
			"http://schema.org/domainIncludes": [
				{
					"@id": "http://cim.vodafone.com/Sender"
				}
			],
			"http://schema.org/rangeIncludes": {
				"@id": "http://schema.org/Text"
			},
			"http://schema.org/isPartOf": {
				"@id": "http://cim.vodafone.com"
			},
			"rdfs:comment": " A classification applied to the business object or component. More than one classification scheme can be applied using the @listName attribute to identify the type of code list being used. The classification scheme can be used to group instances of the object or component.",
			"rdfs:label": "category"
		},
		{
			"@id": "http://cim.vodafone.com/status",
			"@type": "rdfs:Property",
			"http://schema.org/domainIncludes": [
				{
					"@id": "http://cim.vodafone.com/Sender"
				}
			],
			"http://schema.org/rangeIncludes": {
				"@id": "http://schema.org/Text"
			},
			"http://schema.org/isPartOf": {
				"@id": "http://cim.vodafone.com"
			},
			"rdfs:comment": " The lifecycle state of the business object or component. This field is used to track the specific state an instance of an object or component is in, e.g. the Customer Bill is Active or the Customer Request has been Cancelled.",
			"rdfs:label": "status"
		},
		{
			"@id": "http://cim.vodafone.com/receiver",
			"@type": "rdfs:Property",
			"http://schema.org/domainIncludes": [
				{
					"@id": "http://cim.vodafone.com/ServiceAccountAdjustment"
				}
			],
			"http://schema.org/rangeIncludes": {
				"@id": "http://schema.org/Receiver"
			},
			"http://schema.org/isPartOf": {
				"@id": "http://cim.vodafone.com"
			},
			"rdfs:comment": " ",
			"rdfs:label": "receiver"
		},
		{
			"@id": "http://cim.vodafone.com/Receiver",
			"@type": "rdfs:Class",
			"http://schema.org/isPartOf": {
				"@id": "http://cim.vodafone.com"
			},
			"rdfs:comment": " ",
			"rdfs:label": "Receiver",
			"rdfs:subClassOf": {
				"@id": "http://schema.org/Thing"
			}
		},
		{
			"@id": "http://cim.vodafone.com/id",
			"@type": "rdfs:Property",
			"http://schema.org/domainIncludes": [
				{
					"@id": "http://cim.vodafone.com/Receiver"
				}
			],
			"http://schema.org/rangeIncludes": {
				"@id": "http://schema.org/Text"
			},
			"http://schema.org/isPartOf": {
				"@id": "http://cim.vodafone.com"
			},
			"rdfs:comment": " The identifier of the business object or component. This should be used to identify instances of a business object or component. Where the component is being used to reference another business object then this is the primary key of the target object. Use the attributes @schemeName and @schemeAgencyName to identify type of Identifier.",
			"rdfs:label": "id"
		},
		{
			"@id": "http://cim.vodafone.com/name",
			"@type": "rdfs:Property",
			"http://schema.org/domainIncludes": [
				{
					"@id": "http://cim.vodafone.com/Receiver"
				}
			],
			"http://schema.org/rangeIncludes": {
				"@id": "http://schema.org/Text"
			},
			"http://schema.org/isPartOf": {
				"@id": "http://cim.vodafone.com"
			},
			"rdfs:comment": " The name of the instance of a business object or component.",
			"rdfs:label": "name"
		},
		{
			"@id": "http://cim.vodafone.com/desc",
			"@type": "rdfs:Property",
			"http://schema.org/domainIncludes": [
				{
					"@id": "http://cim.vodafone.com/Receiver"
				}
			],
			"http://schema.org/rangeIncludes": {
				"@id": "http://schema.org/Text"
			},
			"http://schema.org/isPartOf": {
				"@id": "http://cim.vodafone.com"
			},
			"rdfs:comment": " A free text description of a business object or component.",
			"rdfs:label": "desc"
		},
		{
			"@id": "http://cim.vodafone.com/type",
			"@type": "rdfs:Property",
			"http://schema.org/domainIncludes": [
				{
					"@id": "http://cim.vodafone.com/Receiver"
				}
			],
			"http://schema.org/rangeIncludes": {
				"@id": "http://schema.org/Text"
			},
			"http://schema.org/isPartOf": {
				"@id": "http://cim.vodafone.com"
			},
			"rdfs:comment": " A classification of the business object or component. This identifies the sub-type of the instance of object or component.",
			"rdfs:label": "type"
		},
		{
			"@id": "http://cim.vodafone.com/category",
			"@type": "rdfs:Property",
			"http://schema.org/domainIncludes": [
				{
					"@id": "http://cim.vodafone.com/Receiver"
				}
			],
			"http://schema.org/rangeIncludes": {
				"@id": "http://schema.org/Text"
			},
			"http://schema.org/isPartOf": {
				"@id": "http://cim.vodafone.com"
			},
			"rdfs:comment": " A classification applied to the business object or component. More than one classification scheme can be applied using the @listName attribute to identify the type of code list being used. The classification scheme can be used to group instances of the object or component.",
			"rdfs:label": "category"
		},
		{
			"@id": "http://cim.vodafone.com/status",
			"@type": "rdfs:Property",
			"http://schema.org/domainIncludes": [
				{
					"@id": "http://cim.vodafone.com/Receiver"
				}
			],
			"http://schema.org/rangeIncludes": {
				"@id": "http://schema.org/Text"
			},
			"http://schema.org/isPartOf": {
				"@id": "http://cim.vodafone.com"
			},
			"rdfs:comment": " The lifecycle state of the business object or component. This field is used to track the specific state an instance of an object or component is in, e.g. the Customer Bill is Active or the Customer Request has been Cancelled.",
			"rdfs:label": "status"
		},
		{
			"@id": "http://cim.vodafone.com/workforceAgent",
			"@type": "rdfs:Property",
			"http://schema.org/domainIncludes": [
				{
					"@id": "http://cim.vodafone.com/ServiceAccountAdjustment"
				}
			],
			"http://schema.org/rangeIncludes": {
				"@id": "http://schema.org/WorkforceAgent"
			},
			"http://schema.org/isPartOf": {
				"@id": "http://cim.vodafone.com"
			},
			"rdfs:comment": " ",
			"rdfs:label": "workforceAgent"
		},
		{
			"@id": "http://cim.vodafone.com/WorkforceAgent",
			"@type": "rdfs:Class",
			"http://schema.org/isPartOf": {
				"@id": "http://cim.vodafone.com"
			},
			"rdfs:comment": " ",
			"rdfs:label": "WorkforceAgent",
			"rdfs:subClassOf": {
				"@id": "http://schema.org/Thing"
			}
		},
		{
			"@id": "http://cim.vodafone.com/id",
			"@type": "rdfs:Property",
			"http://schema.org/domainIncludes": [
				{
					"@id": "http://cim.vodafone.com/WorkforceAgent"
				}
			],
			"http://schema.org/rangeIncludes": {
				"@id": "http://schema.org/Text"
			},
			"http://schema.org/isPartOf": {
				"@id": "http://cim.vodafone.com"
			},
			"rdfs:comment": " The identifier of the business object or component. This should be used to identify instances of a business object or component. Where the component is being used to reference another business object then this is the primary key of the target object. Use the attributes @schemeName and @schemeAgencyName to identify type of Identifier.",
			"rdfs:label": "id"
		},
		{
			"@id": "http://cim.vodafone.com/name",
			"@type": "rdfs:Property",
			"http://schema.org/domainIncludes": [
				{
					"@id": "http://cim.vodafone.com/WorkforceAgent"
				}
			],
			"http://schema.org/rangeIncludes": {
				"@id": "http://schema.org/Text"
			},
			"http://schema.org/isPartOf": {
				"@id": "http://cim.vodafone.com"
			},
			"rdfs:comment": " The name of the instance of a business object or component.",
			"rdfs:label": "name"
		},
		{
			"@id": "http://cim.vodafone.com/desc",
			"@type": "rdfs:Property",
			"http://schema.org/domainIncludes": [
				{
					"@id": "http://cim.vodafone.com/WorkforceAgent"
				}
			],
			"http://schema.org/rangeIncludes": {
				"@id": "http://schema.org/Text"
			},
			"http://schema.org/isPartOf": {
				"@id": "http://cim.vodafone.com"
			},
			"rdfs:comment": " A free text description of a business object or component.",
			"rdfs:label": "desc"
		},
		{
			"@id": "http://cim.vodafone.com/type",
			"@type": "rdfs:Property",
			"http://schema.org/domainIncludes": [
				{
					"@id": "http://cim.vodafone.com/WorkforceAgent"
				}
			],
			"http://schema.org/rangeIncludes": {
				"@id": "http://schema.org/Text"
			},
			"http://schema.org/isPartOf": {
				"@id": "http://cim.vodafone.com"
			},
			"rdfs:comment": " A classification of the business object or component. This identifies the sub-type of the instance of object or component.",
			"rdfs:label": "type"
		},
		{
			"@id": "http://cim.vodafone.com/category",
			"@type": "rdfs:Property",
			"http://schema.org/domainIncludes": [
				{
					"@id": "http://cim.vodafone.com/WorkforceAgent"
				}
			],
			"http://schema.org/rangeIncludes": {
				"@id": "http://schema.org/Text"
			},
			"http://schema.org/isPartOf": {
				"@id": "http://cim.vodafone.com"
			},
			"rdfs:comment": " A classification applied to the business object or component. More than one classification scheme can be applied using the @listName attribute to identify the type of code list being used. The classification scheme can be used to group instances of the object or component.",
			"rdfs:label": "category"
		},
		{
			"@id": "http://cim.vodafone.com/status",
			"@type": "rdfs:Property",
			"http://schema.org/domainIncludes": [
				{
					"@id": "http://cim.vodafone.com/WorkforceAgent"
				}
			],
			"http://schema.org/rangeIncludes": {
				"@id": "http://schema.org/Text"
			},
			"http://schema.org/isPartOf": {
				"@id": "http://cim.vodafone.com"
			},
			"rdfs:comment": " The lifecycle state of the business object or component. This field is used to track the specific state an instance of an object or component is in, e.g. the Customer Bill is Active or the Customer Request has been Cancelled.",
			"rdfs:label": "status"
		},
		{
			"@id": "http://cim.vodafone.com/id",
			"@type": "rdfs:Property",
			"http://schema.org/domainIncludes": [
				{
					"@id": "http://cim.vodafone.com/Adjusts"
				}
			],
			"http://schema.org/rangeIncludes": {
				"@id": "http://schema.org/Text"
			},
			"http://schema.org/isPartOf": {
				"@id": "http://cim.vodafone.com"
			},
			"rdfs:comment": " The identifier of the business object or component. This should be used to identify instances of a business object or component. Where the component is being used to reference another business object then this is the primary key of the target object. Use the attributes @schemeName and @schemeAgencyName to identify type of Identifier.",
			"rdfs:label": "id"
		},
		{
			"@id": "http://cim.vodafone.com/name",
			"@type": "rdfs:Property",
			"http://schema.org/domainIncludes": [
				{
					"@id": "http://cim.vodafone.com/Adjusts"
				}
			],
			"http://schema.org/rangeIncludes": {
				"@id": "http://schema.org/Text"
			},
			"http://schema.org/isPartOf": {
				"@id": "http://cim.vodafone.com"
			},
			"rdfs:comment": " The name of the instance of a business object or component.",
			"rdfs:label": "name"
		},
		{
			"@id": "http://cim.vodafone.com/desc",
			"@type": "rdfs:Property",
			"http://schema.org/domainIncludes": [
				{
					"@id": "http://cim.vodafone.com/Adjusts"
				}
			],
			"http://schema.org/rangeIncludes": {
				"@id": "http://schema.org/Text"
			},
			"http://schema.org/isPartOf": {
				"@id": "http://cim.vodafone.com"
			},
			"rdfs:comment": " A free text description of a business object or component.",
			"rdfs:label": "desc"
		},
		{
			"@id": "http://cim.vodafone.com/type",
			"@type": "rdfs:Property",
			"http://schema.org/domainIncludes": [
				{
					"@id": "http://cim.vodafone.com/Adjusts"
				}
			],
			"http://schema.org/rangeIncludes": {
				"@id": "http://schema.org/Text"
			},
			"http://schema.org/isPartOf": {
				"@id": "http://cim.vodafone.com"
			},
			"rdfs:comment": " A classification of the business object or component. This identifies the sub-type of the instance of object or component.",
			"rdfs:label": "type"
		},
		{
			"@id": "http://cim.vodafone.com/category",
			"@type": "rdfs:Property",
			"http://schema.org/domainIncludes": [
				{
					"@id": "http://cim.vodafone.com/Adjusts"
				}
			],
			"http://schema.org/rangeIncludes": {
				"@id": "http://schema.org/Text"
			},
			"http://schema.org/isPartOf": {
				"@id": "http://cim.vodafone.com"
			},
			"rdfs:comment": " A classification applied to the business object or component. More than one classification scheme can be applied using the @listName attribute to identify the type of code list being used. The classification scheme can be used to group instances of the object or component.",
			"rdfs:label": "category"
		},
		{
			"@id": "http://cim.vodafone.com/status",
			"@type": "rdfs:Property",
			"http://schema.org/domainIncludes": [
				{
					"@id": "http://cim.vodafone.com/Adjusts"
				}
			],
			"http://schema.org/rangeIncludes": {
				"@id": "http://schema.org/Text"
			},
			"http://schema.org/isPartOf": {
				"@id": "http://cim.vodafone.com"
			},
			"rdfs:comment": " The lifecycle state of the business object or component. This field is used to track the specific state an instance of an object or component is in, e.g. the Customer Bill is Active or the Customer Request has been Cancelled.",
			"rdfs:label": "status"
		},
		{
			"@id": "http://cim.vodafone.com/id",
			"@type": "rdfs:Property",
			"http://schema.org/domainIncludes": [
				{
					"@id": "http://cim.vodafone.com/TransferFrom"
				}
			],
			"http://schema.org/rangeIncludes": {
				"@id": "http://schema.org/Text"
			},
			"http://schema.org/isPartOf": {
				"@id": "http://cim.vodafone.com"
			},
			"rdfs:comment": " The identifier of the business object or component. This should be used to identify instances of a business object or component. Where the component is being used to reference another business object then this is the primary key of the target object. Use the attributes @schemeName and @schemeAgencyName to identify type of Identifier.",
			"rdfs:label": "id"
		},
		{
			"@id": "http://cim.vodafone.com/name",
			"@type": "rdfs:Property",
			"http://schema.org/domainIncludes": [
				{
					"@id": "http://cim.vodafone.com/TransferFrom"
				}
			],
			"http://schema.org/rangeIncludes": {
				"@id": "http://schema.org/Text"
			},
			"http://schema.org/isPartOf": {
				"@id": "http://cim.vodafone.com"
			},
			"rdfs:comment": " The name of the instance of a business object or component.",
			"rdfs:label": "name"
		},
		{
			"@id": "http://cim.vodafone.com/desc",
			"@type": "rdfs:Property",
			"http://schema.org/domainIncludes": [
				{
					"@id": "http://cim.vodafone.com/TransferFrom"
				}
			],
			"http://schema.org/rangeIncludes": {
				"@id": "http://schema.org/Text"
			},
			"http://schema.org/isPartOf": {
				"@id": "http://cim.vodafone.com"
			},
			"rdfs:comment": " A free text description of a business object or component.",
			"rdfs:label": "desc"
		},
		{
			"@id": "http://cim.vodafone.com/type",
			"@type": "rdfs:Property",
			"http://schema.org/domainIncludes": [
				{
					"@id": "http://cim.vodafone.com/TransferFrom"
				}
			],
			"http://schema.org/rangeIncludes": {
				"@id": "http://schema.org/Text"
			},
			"http://schema.org/isPartOf": {
				"@id": "http://cim.vodafone.com"
			},
			"rdfs:comment": " A classification of the business object or component. This identifies the sub-type of the instance of object or component.",
			"rdfs:label": "type"
		},
		{
			"@id": "http://cim.vodafone.com/category",
			"@type": "rdfs:Property",
			"http://schema.org/domainIncludes": [
				{
					"@id": "http://cim.vodafone.com/TransferFrom"
				}
			],
			"http://schema.org/rangeIncludes": {
				"@id": "http://schema.org/Text"
			},
			"http://schema.org/isPartOf": {
				"@id": "http://cim.vodafone.com"
			},
			"rdfs:comment": " A classification applied to the business object or component. More than one classification scheme can be applied using the @listName attribute to identify the type of code list being used. The classification scheme can be used to group instances of the object or component.",
			"rdfs:label": "category"
		},
		{
			"@id": "http://cim.vodafone.com/status",
			"@type": "rdfs:Property",
			"http://schema.org/domainIncludes": [
				{
					"@id": "http://cim.vodafone.com/TransferFrom"
				}
			],
			"http://schema.org/rangeIncludes": {
				"@id": "http://schema.org/Text"
			},
			"http://schema.org/isPartOf": {
				"@id": "http://cim.vodafone.com"
			},
			"rdfs:comment": " The lifecycle state of the business object or component. This field is used to track the specific state an instance of an object or component is in, e.g. the Customer Bill is Active or the Customer Request has been Cancelled.",
			"rdfs:label": "status"
		},
		{
			"@id": "http://cim.vodafone.com/quantity",
			"@type": "rdfs:Property",
			"http://schema.org/domainIncludes": [
				{
					"@id": "http://cim.vodafone.com/TransferFrom"
				}
			],
			"http://schema.org/rangeIncludes": {
				"@id": "http://schema.org/Quantity"
			},
			"http://schema.org/isPartOf": {
				"@id": "http://cim.vodafone.com"
			},
			"rdfs:comment": " The Quantity to transfer from/to the Transfer Account, if non-monetary values are required.",
			"rdfs:label": "quantity"
		},
		{
			"@id": "http://cim.vodafone.com/Quantity",
			"@type": "rdfs:Class",
			"http://schema.org/isPartOf": {
				"@id": "http://cim.vodafone.com"
			},
			"rdfs:comment": " The Quantity to transfer from/to the Transfer Account, if non-monetary values are required.",
			"rdfs:label": "Quantity",
			"rdfs:subClassOf": {
				"@id": "http://schema.org/Thing"
			}
		},
		{
			"@id": "http://cim.vodafone.com/quantity",
			"@type": "rdfs:Property",
			"http://schema.org/domainIncludes": [
				{
					"@id": "http://cim.vodafone.com/TransferFrom"
				}
			],
			"http://schema.org/rangeIncludes": {
				"@id": "http://schema.org/Number"
			},
			"http://schema.org/isPartOf": {
				"@id": "http://cim.vodafone.com"
			},
			"rdfs:comment": " The Quantity to transfer from/to the Transfer Account, if non-monetary values are required.",
			"rdfs:label": "quantity"
		},
		{
			"@id": "http://cim.vodafone.com/amount",
			"@type": "rdfs:Property",
			"http://schema.org/domainIncludes": [
				{
					"@id": "http://cim.vodafone.com/TransferFrom"
				}
			],
			"http://schema.org/rangeIncludes": {
				"@id": "http://schema.org/Number"
			},
			"http://schema.org/isPartOf": {
				"@id": "http://cim.vodafone.com"
			},
			"rdfs:comment": " The Amount to transfer from/to the Transfer Account.",
			"rdfs:label": "amount"
		},
		{
			"@id": "http://cim.vodafone.com/id",
			"@type": "rdfs:Property",
			"http://schema.org/domainIncludes": [
				{
					"@id": "http://cim.vodafone.com/TriggeredBy"
				}
			],
			"http://schema.org/rangeIncludes": {
				"@id": "http://schema.org/Text"
			},
			"http://schema.org/isPartOf": {
				"@id": "http://cim.vodafone.com"
			},
			"rdfs:comment": " The identifier of the business object or component. This should be used to identify instances of a business object or component. Where the component is being used to reference another business object then this is the primary key of the target object. Use the attributes @schemeName and @schemeAgencyName to identify type of Identifier.",
			"rdfs:label": "id"
		},
		{
			"@id": "http://cim.vodafone.com/name",
			"@type": "rdfs:Property",
			"http://schema.org/domainIncludes": [
				{
					"@id": "http://cim.vodafone.com/TriggeredBy"
				}
			],
			"http://schema.org/rangeIncludes": {
				"@id": "http://schema.org/Text"
			},
			"http://schema.org/isPartOf": {
				"@id": "http://cim.vodafone.com"
			},
			"rdfs:comment": " The name of the instance of a business object or component.",
			"rdfs:label": "name"
		},
		{
			"@id": "http://cim.vodafone.com/desc",
			"@type": "rdfs:Property",
			"http://schema.org/domainIncludes": [
				{
					"@id": "http://cim.vodafone.com/TriggeredBy"
				}
			],
			"http://schema.org/rangeIncludes": {
				"@id": "http://schema.org/Text"
			},
			"http://schema.org/isPartOf": {
				"@id": "http://cim.vodafone.com"
			},
			"rdfs:comment": " A free text description of a business object or component.",
			"rdfs:label": "desc"
		},
		{
			"@id": "http://cim.vodafone.com/type",
			"@type": "rdfs:Property",
			"http://schema.org/domainIncludes": [
				{
					"@id": "http://cim.vodafone.com/TriggeredBy"
				}
			],
			"http://schema.org/rangeIncludes": {
				"@id": "http://schema.org/Text"
			},
			"http://schema.org/isPartOf": {
				"@id": "http://cim.vodafone.com"
			},
			"rdfs:comment": " A classification of the business object or component. This identifies the sub-type of the instance of object or component.",
			"rdfs:label": "type"
		},
		{
			"@id": "http://cim.vodafone.com/category",
			"@type": "rdfs:Property",
			"http://schema.org/domainIncludes": [
				{
					"@id": "http://cim.vodafone.com/TriggeredBy"
				}
			],
			"http://schema.org/rangeIncludes": {
				"@id": "http://schema.org/Text"
			},
			"http://schema.org/isPartOf": {
				"@id": "http://cim.vodafone.com"
			},
			"rdfs:comment": " A classification applied to the business object or component. More than one classification scheme can be applied using the @listName attribute to identify the type of code list being used. The classification scheme can be used to group instances of the object or component.",
			"rdfs:label": "category"
		},
		{
			"@id": "http://cim.vodafone.com/status",
			"@type": "rdfs:Property",
			"http://schema.org/domainIncludes": [
				{
					"@id": "http://cim.vodafone.com/TriggeredBy"
				}
			],
			"http://schema.org/rangeIncludes": {
				"@id": "http://schema.org/Text"
			},
			"http://schema.org/isPartOf": {
				"@id": "http://cim.vodafone.com"
			},
			"rdfs:comment": " The lifecycle state of the business object or component. This field is used to track the specific state an instance of an object or component is in, e.g. the Customer Bill is Active or the Customer Request has been Cancelled.",
			"rdfs:label": "status"
		},
		{
			"@id": "http://cim.vodafone.com/id",
			"@type": "rdfs:Property",
			"http://schema.org/domainIncludes": [
				{
					"@id": "http://cim.vodafone.com/AdjustmentSpecification"
				}
			],
			"http://schema.org/rangeIncludes": {
				"@id": "http://schema.org/Text"
			},
			"http://schema.org/isPartOf": {
				"@id": "http://cim.vodafone.com"
			},
			"rdfs:comment": " The identifier of the business object or component. This should be used to identify instances of a business object or component. Where the component is being used to reference another business object then this is the primary key of the target object. Use the attributes @schemeName and @schemeAgencyName to identify type of Identifier.",
			"rdfs:label": "id"
		},
		{
			"@id": "http://cim.vodafone.com/name",
			"@type": "rdfs:Property",
			"http://schema.org/domainIncludes": [
				{
					"@id": "http://cim.vodafone.com/AdjustmentSpecification"
				}
			],
			"http://schema.org/rangeIncludes": {
				"@id": "http://schema.org/Text"
			},
			"http://schema.org/isPartOf": {
				"@id": "http://cim.vodafone.com"
			},
			"rdfs:comment": " The name of the instance of a business object or component.",
			"rdfs:label": "name"
		},
		{
			"@id": "http://cim.vodafone.com/desc",
			"@type": "rdfs:Property",
			"http://schema.org/domainIncludes": [
				{
					"@id": "http://cim.vodafone.com/AdjustmentSpecification"
				}
			],
			"http://schema.org/rangeIncludes": {
				"@id": "http://schema.org/Text"
			},
			"http://schema.org/isPartOf": {
				"@id": "http://cim.vodafone.com"
			},
			"rdfs:comment": " A free text description of a business object or component.",
			"rdfs:label": "desc"
		},
		{
			"@id": "http://cim.vodafone.com/type",
			"@type": "rdfs:Property",
			"http://schema.org/domainIncludes": [
				{
					"@id": "http://cim.vodafone.com/AdjustmentSpecification"
				}
			],
			"http://schema.org/rangeIncludes": {
				"@id": "http://schema.org/Text"
			},
			"http://schema.org/isPartOf": {
				"@id": "http://cim.vodafone.com"
			},
			"rdfs:comment": " A classification of the business object or component. This identifies the sub-type of the instance of object or component.",
			"rdfs:label": "type"
		},
		{
			"@id": "http://cim.vodafone.com/category",
			"@type": "rdfs:Property",
			"http://schema.org/domainIncludes": [
				{
					"@id": "http://cim.vodafone.com/AdjustmentSpecification"
				}
			],
			"http://schema.org/rangeIncludes": {
				"@id": "http://schema.org/Text"
			},
			"http://schema.org/isPartOf": {
				"@id": "http://cim.vodafone.com"
			},
			"rdfs:comment": " A classification applied to the business object or component. More than one classification scheme can be applied using the @listName attribute to identify the type of code list being used. The classification scheme can be used to group instances of the object or component.",
			"rdfs:label": "category"
		},
		{
			"@id": "http://cim.vodafone.com/status",
			"@type": "rdfs:Property",
			"http://schema.org/domainIncludes": [
				{
					"@id": "http://cim.vodafone.com/AdjustmentSpecification"
				}
			],
			"http://schema.org/rangeIncludes": {
				"@id": "http://schema.org/Text"
			},
			"http://schema.org/isPartOf": {
				"@id": "http://cim.vodafone.com"
			},
			"rdfs:comment": " The lifecycle state of the business object or component. This field is used to track the specific state an instance of an object or component is in, e.g. the Customer Bill is Active or the Customer Request has been Cancelled.",
			"rdfs:label": "status"
		},
		{
			"@id": "http://cim.vodafone.com/characteristicsValue",
			"@type": "rdfs:Property",
			"http://schema.org/domainIncludes": [
				{
					"@id": "http://cim.vodafone.com/AdjustmentSpecification"
				}
			],
			"http://schema.org/rangeIncludes": {
				"@id": "http://schema.org/CharacteristicsValue"
			},
			"http://schema.org/isPartOf": {
				"@id": "http://cim.vodafone.com"
			},
			"rdfs:comment": " The set of characteristics for the specification.",
			"rdfs:label": "characteristicsValue"
		},
		{
			"@id": "http://cim.vodafone.com/CharacteristicsValue",
			"@type": "rdfs:Class",
			"http://schema.org/isPartOf": {
				"@id": "http://cim.vodafone.com"
			},
			"rdfs:comment": " The set of characteristics for the specification.",
			"rdfs:label": "CharacteristicsValue",
			"rdfs:subClassOf": {
				"@id": "http://schema.org/Thing"
			}
		},
		{
			"@id": "http://cim.vodafone.com/value",
			"@type": "rdfs:Property",
			"http://schema.org/domainIncludes": [
				{
					"@id": "http://cim.vodafone.com/CharacteristicsValue"
				}
			],
			"http://schema.org/rangeIncludes": {
				"@id": "http://schema.org/Text"
			},
			"http://schema.org/isPartOf": {
				"@id": "http://cim.vodafone.com"
			},
			"rdfs:comment": " The value of the characteristic",
			"rdfs:label": "value"
		},
		{
			"@id": "http://cim.vodafone.com/type",
			"@type": "rdfs:Property",
			"http://schema.org/domainIncludes": [
				{
					"@id": "http://cim.vodafone.com/CharacteristicsValue"
				}
			],
			"http://schema.org/rangeIncludes": {
				"@id": "http://schema.org/Text"
			},
			"http://schema.org/isPartOf": {
				"@id": "http://cim.vodafone.com"
			},
			"rdfs:comment": " A classification of the characteristic component. This identifies the sub-type of the instance of object or component.",
			"rdfs:label": "type"
		},
		{
			"@id": "http://cim.vodafone.com/description",
			"@type": "rdfs:Property",
			"http://schema.org/domainIncludes": [
				{
					"@id": "http://cim.vodafone.com/CharacteristicsValue"
				}
			],
			"http://schema.org/rangeIncludes": {
				"@id": "http://schema.org/Text"
			},
			"http://schema.org/isPartOf": {
				"@id": "http://cim.vodafone.com"
			},
			"rdfs:comment": " A free text description of the characteristic.",
			"rdfs:label": "description"
		},
		{
			"@id": "http://cim.vodafone.com/creationTime",
			"@type": "rdfs:Property",
			"http://schema.org/domainIncludes": [
				{
					"@id": "http://cim.vodafone.com/CharacteristicsValue"
				}
			],
			"http://schema.org/rangeIncludes": {
				"@id": "http://schema.org/DateTime"
			},
			"http://schema.org/isPartOf": {
				"@id": "http://cim.vodafone.com"
			},
			"rdfs:comment": " The date and time the characteristic was created.",
			"rdfs:label": "creationTime"
		},
		{
			"@id": "http://cim.vodafone.com/validityPeriod",
			"@type": "rdfs:Property",
			"http://schema.org/domainIncludes": [
				{
					"@id": "http://cim.vodafone.com/CharacteristicsValue"
				}
			],
			"http://schema.org/rangeIncludes": {
				"@id": "http://schema.org/DateTime"
			},
			"http://schema.org/isPartOf": {
				"@id": "http://cim.vodafone.com"
			},
			"rdfs:comment": " The from and to dates when the object is valid.",
			"rdfs:label": "validityPeriod"
		},
		{
			"@id": "http://cim.vodafone.com/id",
			"@type": "rdfs:Property",
			"http://schema.org/domainIncludes": [
				{
					"@id": "http://cim.vodafone.com/Note"
				}
			],
			"http://schema.org/rangeIncludes": {
				"@id": "http://schema.org/Text"
			},
			"http://schema.org/isPartOf": {
				"@id": "http://cim.vodafone.com"
			},
			"rdfs:comment": " The identifier of the business object or component. This should be used to identify instances of a business object or component. Where the component is being used to reference another business object then this is the primary key of the target object. Use the attributes @schemeName and @schemeAgencyName to identify type of Identifier.",
			"rdfs:label": "id"
		},
		{
			"@id": "http://cim.vodafone.com/name",
			"@type": "rdfs:Property",
			"http://schema.org/domainIncludes": [
				{
					"@id": "http://cim.vodafone.com/Note"
				}
			],
			"http://schema.org/rangeIncludes": {
				"@id": "http://schema.org/Text"
			},
			"http://schema.org/isPartOf": {
				"@id": "http://cim.vodafone.com"
			},
			"rdfs:comment": " The name of the instance of a business object or component.",
			"rdfs:label": "name"
		},
		{
			"@id": "http://cim.vodafone.com/desc",
			"@type": "rdfs:Property",
			"http://schema.org/domainIncludes": [
				{
					"@id": "http://cim.vodafone.com/Note"
				}
			],
			"http://schema.org/rangeIncludes": {
				"@id": "http://schema.org/Text"
			},
			"http://schema.org/isPartOf": {
				"@id": "http://cim.vodafone.com"
			},
			"rdfs:comment": " A free text description of a business object or component.",
			"rdfs:label": "desc"
		},
		{
			"@id": "http://cim.vodafone.com/type",
			"@type": "rdfs:Property",
			"http://schema.org/domainIncludes": [
				{
					"@id": "http://cim.vodafone.com/Note"
				}
			],
			"http://schema.org/rangeIncludes": {
				"@id": "http://schema.org/Text"
			},
			"http://schema.org/isPartOf": {
				"@id": "http://cim.vodafone.com"
			},
			"rdfs:comment": " A classification of the business object or component. This identifies the sub-type of the instance of object or component.",
			"rdfs:label": "type"
		},
		{
			"@id": "http://cim.vodafone.com/category",
			"@type": "rdfs:Property",
			"http://schema.org/domainIncludes": [
				{
					"@id": "http://cim.vodafone.com/Note"
				}
			],
			"http://schema.org/rangeIncludes": {
				"@id": "http://schema.org/Text"
			},
			"http://schema.org/isPartOf": {
				"@id": "http://cim.vodafone.com"
			},
			"rdfs:comment": " A classification applied to the business object or component. More than one classification scheme can be applied using the @listName attribute to identify the type of code list being used. The classification scheme can be used to group instances of the object or component.",
			"rdfs:label": "category"
		},
		{
			"@id": "http://cim.vodafone.com/status",
			"@type": "rdfs:Property",
			"http://schema.org/domainIncludes": [
				{
					"@id": "http://cim.vodafone.com/Note"
				}
			],
			"http://schema.org/rangeIncludes": {
				"@id": "http://schema.org/Text"
			},
			"http://schema.org/isPartOf": {
				"@id": "http://cim.vodafone.com"
			},
			"rdfs:comment": " The lifecycle state of the business object or component. This field is used to track the specific state an instance of an object or component is in, e.g. the Customer Bill is Active or the Customer Request has been Cancelled.",
			"rdfs:label": "status"
		},
		{
			"@id": "http://cim.vodafone.com/content",
			"@type": "rdfs:Property",
			"http://schema.org/domainIncludes": [
				{
					"@id": "http://cim.vodafone.com/Note"
				}
			],
			"http://schema.org/rangeIncludes": {
				"@id": "http://schema.org/Text"
			},
			"http://schema.org/isPartOf": {
				"@id": "http://cim.vodafone.com"
			},
			"rdfs:comment": " Conent of the Notes",
			"rdfs:label": "content"
		},
		{
			"@id": "http://cim.vodafone.com/agentId",
			"@type": "rdfs:Property",
			"http://schema.org/domainIncludes": [
				{
					"@id": "http://cim.vodafone.com/Note"
				}
			],
			"http://schema.org/rangeIncludes": {
				"@id": "http://schema.org/Text"
			},
			"http://schema.org/isPartOf": {
				"@id": "http://cim.vodafone.com"
			},
			"rdfs:comment": " Agent or user who updated or created the notes",
			"rdfs:label": "agentId"
		},
		{
			"@id": "http://cim.vodafone.com/createdDateTime",
			"@type": "rdfs:Property",
			"http://schema.org/domainIncludes": [
				{
					"@id": "http://cim.vodafone.com/Note"
				}
			],
			"http://schema.org/rangeIncludes": {
				"@id": "http://schema.org/DateTime"
			},
			"http://schema.org/isPartOf": {
				"@id": "http://cim.vodafone.com"
			},
			"rdfs:comment": " The date and time the note was created.",
			"rdfs:label": "createdDateTime"
		},
		{
			"@id": "http://cim.vodafone.com/lastModifiedDateTime",
			"@type": "rdfs:Property",
			"http://schema.org/domainIncludes": [
				{
					"@id": "http://cim.vodafone.com/Note"
				}
			],
			"http://schema.org/rangeIncludes": {
				"@id": "http://schema.org/DateTime"
			},
			"http://schema.org/isPartOf": {
				"@id": "http://cim.vodafone.com"
			},
			"rdfs:comment": " Last Modified time of the notes",
			"rdfs:label": "lastModifiedDateTime"
		},
		{
			"@id": "http://cim.vodafone.com/serviceBalance",
			"@type": "rdfs:Property",
			"http://schema.org/domainIncludes": [
				{
					"@id": "http://cim.vodafone.com/Parts"
				}
			],
			"http://schema.org/rangeIncludes": {
				"@id": "http://schema.org/ServiceBalance"
			},
			"http://schema.org/isPartOf": {
				"@id": "http://cim.vodafone.com"
			},
			"rdfs:comment": " Details of The balance available on Customers Account.",
			"rdfs:label": "serviceBalance"
		},
		{
			"@id": "http://cim.vodafone.com/ServiceBalance",
			"@type": "rdfs:Class",
			"http://schema.org/isPartOf": {
				"@id": "http://cim.vodafone.com"
			},
			"rdfs:comment": " Details of The balance available on Customers Account.",
			"rdfs:label": "ServiceBalance",
			"rdfs:subClassOf": {
				"@id": "http://schema.org/Thing"
			}
		},
		{
			"@id": "http://cim.vodafone.com/id",
			"@type": "rdfs:Property",
			"http://schema.org/domainIncludes": [
				{
					"@id": "http://cim.vodafone.com/ServiceBalance"
				}
			],
			"http://schema.org/rangeIncludes": {
				"@id": "http://schema.org/Text"
			},
			"http://schema.org/isPartOf": {
				"@id": "http://cim.vodafone.com"
			},
			"rdfs:comment": " The identifier of the business object or component. This should be used to identify instances of a business object or component. Where the component is being used to reference another business object then this is the primary key of the target object. Use the attributes @schemeName and @schemeAgencyName to identify type of Identifier.",
			"rdfs:label": "id"
		},
		{
			"@id": "http://cim.vodafone.com/name",
			"@type": "rdfs:Property",
			"http://schema.org/domainIncludes": [
				{
					"@id": "http://cim.vodafone.com/ServiceBalance"
				}
			],
			"http://schema.org/rangeIncludes": {
				"@id": "http://schema.org/Text"
			},
			"http://schema.org/isPartOf": {
				"@id": "http://cim.vodafone.com"
			},
			"rdfs:comment": " The name of the instance of a business object or component.",
			"rdfs:label": "name"
		},
		{
			"@id": "http://cim.vodafone.com/desc",
			"@type": "rdfs:Property",
			"http://schema.org/domainIncludes": [
				{
					"@id": "http://cim.vodafone.com/ServiceBalance"
				}
			],
			"http://schema.org/rangeIncludes": {
				"@id": "http://schema.org/Text"
			},
			"http://schema.org/isPartOf": {
				"@id": "http://cim.vodafone.com"
			},
			"rdfs:comment": " A free text description of a business object or component.",
			"rdfs:label": "desc"
		},
		{
			"@id": "http://cim.vodafone.com/type",
			"@type": "rdfs:Property",
			"http://schema.org/domainIncludes": [
				{
					"@id": "http://cim.vodafone.com/ServiceBalance"
				}
			],
			"http://schema.org/rangeIncludes": {
				"@id": "http://schema.org/Text"
			},
			"http://schema.org/isPartOf": {
				"@id": "http://cim.vodafone.com"
			},
			"rdfs:comment": " A classification of the business object or component. This identifies the sub-type of the instance of object or component.",
			"rdfs:label": "type"
		},
		{
			"@id": "http://cim.vodafone.com/category",
			"@type": "rdfs:Property",
			"http://schema.org/domainIncludes": [
				{
					"@id": "http://cim.vodafone.com/ServiceBalance"
				}
			],
			"http://schema.org/rangeIncludes": {
				"@id": "http://schema.org/Text"
			},
			"http://schema.org/isPartOf": {
				"@id": "http://cim.vodafone.com"
			},
			"rdfs:comment": " A classification applied to the business object or component. More than one classification scheme can be applied using the @listName attribute to identify the type of code list being used. The classification scheme can be used to group instances of the object or component.",
			"rdfs:label": "category"
		},
		{
			"@id": "http://cim.vodafone.com/status",
			"@type": "rdfs:Property",
			"http://schema.org/domainIncludes": [
				{
					"@id": "http://cim.vodafone.com/ServiceBalance"
				}
			],
			"http://schema.org/rangeIncludes": {
				"@id": "http://schema.org/Text"
			},
			"http://schema.org/isPartOf": {
				"@id": "http://cim.vodafone.com"
			},
			"rdfs:comment": " The lifecycle state of the business object or component. This field is used to track the specific state an instance of an object or component is in, e.g. the Customer Bill is Active or the Customer Request has been Cancelled.",
			"rdfs:label": "status"
		},
		{
			"@id": "http://cim.vodafone.com/adjustmentAmount ",
			"@type": "rdfs:Property",
			"http://schema.org/domainIncludes": [
				{
					"@id": "http://cim.vodafone.com/ServiceBalance"
				}
			],
			"http://schema.org/rangeIncludes": {
				"@id": "http://schema.org/Number"
			},
			"http://schema.org/isPartOf": {
				"@id": "http://cim.vodafone.com"
			},
			"rdfs:comment": " An amount, usually of money, that represents the       actual price paid by a Customer for a Topup. This may differ from       a one Topup to other due to promotions, discretionary actions etc.",
			"rdfs:label": "adjustmentAmount "
		},
		{
			"@id": "http://cim.vodafone.com/balanceAmount ",
			"@type": "rdfs:Property",
			"http://schema.org/domainIncludes": [
				{
					"@id": "http://cim.vodafone.com/ServiceBalance"
				}
			],
			"http://schema.org/rangeIncludes": {
				"@id": "http://schema.org/Number"
			},
			"http://schema.org/isPartOf": {
				"@id": "http://cim.vodafone.com"
			},
			"rdfs:comment": " An amount, usually of money, that represents the       actual price paid by a Customer for a Topup. This may differ from       a one Topup to other due to promotions, discretionary actions etc.",
			"rdfs:label": "balanceAmount "
		}
	]
}
