<?xml version="1.0" encoding="utf-8"?>
<EAI_Lookup_Config>   
    <!-- This XML document contains the entries of EAI Services CSM SOAP interfaces -->
    <services>
        
        <service name="UPSS.deductCoreAndSecondaryBucket">
            <requestXSLT>local:///Services_SOAP/Services/ServiceAccountAdjustment/CreateServiceAccountAdjustment/ServiceAccountAdjustment_Create_deductCoreAndSecondaryBucket_Req_Transform.xsl</requestXSLT>
            <responseXSLT>local:///Services_SOAP/Services/ServiceAccountAdjustment/CreateServiceAccountAdjustment/ServiceAccountAdjustment_Create_deductCoreAndSecondaryBucket_Resp_Transform.xsl</responseXSLT>            
            <respAuditXSLT>local:///Services_SOAP/Services/ServiceAccountAdjustment/CreateServiceAccountAdjustment/AuditResp.xsl</respAuditXSLT>
            <WSDL>local:///CSM-BO/SOAP/VBS/Service/ServiceAccountAdjustment/V1/ServiceAccountAdjustmentVBS.wsdl</WSDL>
            <EAIServiceName>ServiceAccountAdjustment.Create</EAIServiceName>
            <msaKeyData>/*[local-name() = 'Envelope']/*[local-name() = 'Body']/*[local-name() = 'CreateServiceAccountAdjustmentVBMRequest']/*[local-name() = 'ServiceAccountAdjustmentVBO']/*[local-name() = 'Parts']/*[local-name() = 'Adjusts']/*[local-name() = 'IDs']/*[local-name()='ID'][@schemeID='MSISDN']</msaKeyData>
            <providerProtocol>HTTP</providerProtocol>
        </service>
        
        
    </services>
    
</EAI_Lookup_Config>