<EAI_Lookup_Config>
    
    <Services>
        
        <Service name="UPSS.deductCoreAndSecondaryBucket">
            <target circleId="AP">
                <endpointurl>https://10.46.163.113:9451/ChargingProxy/services/SubscriberExternalInterface</endpointurl>
                <timeout>9</timeout>
            </target>
<target circleId="HAR">
                <endpointurl>https://10.46.163.115:9083/ChargingProxy/services/SubscriberExternalInterface</endpointurl>
                <timeout>5</timeout>
            </target>
            
          
            <target circleId="CHN">
                <endpointurl>https://10.46.163.113:9451/ChargingProxy/services/SubscriberExternalInterface</endpointurl>
                <timeout>5</timeout>
            </target>
            <target circleId="DEL">
                <endpointurl>https://10.46.163.113:9451/ChargingProxy/services/SubscriberExternalInterface</endpointurl>
                <timeout>5</timeout>
            </target>
            <target circleId="UPE">
                <endpointurl>https://10.46.163.113:9451/ChargingProxy/services/SubscriberExternalInterface</endpointurl>
                <timeout>5</timeout>
            </target>
            <target circleId="GUJ">
                <endpointurl>https://10.46.163.113:9451/ChargingProxy/services/SubscriberExternalInterface</endpointurl>
                <timeout>5</timeout>
            </target>
            
            <target circleId="KAR">
                <endpointurl>https://10.46.163.113:9451/ChargingProxy/services/SubscriberExternalInterface</endpointurl>
                <timeout>5</timeout>
            </target>
            <target circleId="KOL">
                <endpointurl>https://10.46.163.113:9451/ChargingProxy/services/SubscriberExternalInterface</endpointurl>
                <timeout>5</timeout>
            </target>
            <target circleId="MUM">
                <endpointurl>https://10.46.163.113:9451/ChargingProxy/services/SubscriberExternalInterface</endpointurl>
                <timeout>5</timeout>
            </target>
            <target circleId="RAJ">
                <endpointurl>https://10.46.163.113:9451/ChargingProxy/services/SubscriberExternalInterface</endpointurl>
                <timeout>5</timeout>
            </target>
            <target circleId="ROB">
                <endpointurl>https://10.46.163.113:9451/ChargingProxy/services/SubscriberExternalInterface</endpointurl>
                <timeout>5</timeout>
            </target>
            <target circleId="PJB">
                <endpointurl>https://10.46.163.113:9451/ChargingProxy/services/SubscriberExternalInterface</endpointurl>
                <timeout>5</timeout>
            </target>
            <target circleId="UPW">
                <endpointurl>https://10.46.163.113:9451/ChargingProxy/services/SubscriberExternalInterface</endpointurl>
                <timeout>5</timeout>
            </target>
            <target circleId="MAG">
                <endpointurl>https://10.46.163.113:9451/ChargingProxy/services/SubscriberExternalInterface</endpointurl>
                <timeout>5</timeout>
            </target>
            <target circleId="ROTN">
                <endpointurl>https://10.46.163.113:9451/ChargingProxy/services/SubscriberExternalInterface</endpointurl>
                <timeout>5</timeout>
            </target>
            <target circleId="KER">
                <endpointurl>https://10.46.163.113:9451/ChargingProxy/services/SubscriberExternalInterface</endpointurl>
                <timeout>5</timeout>
            </target>
            <target circleId="ORS">
                <endpointurl>https://10.46.163.113:9451/ChargingProxy/services/SubscriberExternalInterface</endpointurl>
                <timeout>5</timeout>
            </target>
            <target circleId="ASM">
                <endpointurl>https://10.46.163.113:9451/ChargingProxy/services/SubscriberExternalInterface</endpointurl>
                <timeout>5</timeout>
            </target>
            <target circleId="NES">
                <endpointurl>https://10.46.163.113:9451/ChargingProxy/services/SubscriberExternalInterface</endpointurl>
                <timeout>5</timeout>
            </target>
            <target circleId="BHR">
                <endpointurl>https://10.46.163.113:9451/ChargingProxy/services/SubscriberExternalInterface</endpointurl>
                <timeout>5</timeout>
            </target>
            <target circleId="MPC">
                <endpointurl>https://10.46.163.113:9451/ChargingProxy/services/SubscriberExternalInterface</endpointurl>
                <timeout>5</timeout>
            </target>
            <target circleId="HP">
                <endpointurl>https://10.46.163.113:9451/ChargingProxy/services/SubscriberExternalInterface</endpointurl>
                <timeout>5</timeout>
            </target>
            <target circleId="JNK">
                <endpointurl>https://10.46.163.113:9451/ChargingProxy/services/SubscriberExternalInterface</endpointurl>
                <timeout>5</timeout>
            </target>
        </Service>
        
    </Services>
    
</EAI_Lookup_Config>