﻿	<v11:CreateServiceAccountAdjustmentVBMRequest xmlns:soapenv="http://schemas.xmlsoap.org/soap/envelope/" xmlns:v1="http://group.vodafone.com/contract/vho/header/v1" xmlns:v11="http://group.vodafone.com/schema/vbm/service/service-account-adjustment/v1" xmlns:v12="http://group.vodafone.com/schema/common/v1" xmlns:urn="urn:un:unece:uncefact:documentation:standard:CoreComponentType:2" xmlns:v13="http://group.vodafone.com/schema/vbo/service/service-account-adjustment/v1">
         <v11:ServiceAccountAdjustmentVBO>
            <v12:Name>Buddy Balance Transfer Example</v12:Name>
            <v12:Desc>An example of a Buddy Balance Transfer Request</v12:Desc>
            <v12:Type>Transfer</v12:Type>
            <v12:Categories>
               <v12:Category>Prepaid</v12:Category>
            </v12:Categories>
            <v12:ValidityPeriod>
               <v12:FromDate>
                  <urn:Date>2015-05-15-06:00</urn:Date>
               </v12:FromDate>
               <v12:ToDate>
                  <urn:Date>2015-03-26-06:00</urn:Date>
               </v12:ToDate>
            </v12:ValidityPeriod>
            <v13:Details>
               <v13:AdjustmentAmount currencyID="GBP">20.00</v13:AdjustmentAmount>
               <v13:Extension/>
            </v13:Details>
             <v13:Roles>
                 <v13:Sender>
                     <v12:IDs>
                         <v12:ID>SAA_PARTY_123</v12:ID>
                     </v12:IDs>
                 </v13:Sender>
                 <v13:Receiver>
                     <v12:IDs>
                         <v12:ID>SAA_PARTY_456</v12:ID>
                     </v12:IDs>
                 </v13:Receiver>
             </v13:Roles>
            <v13:Parts>
               <v12:Adjusts>
                  <v12:IDs>
                     <v12:ID>ACCT_12345</v12:ID>
                  </v12:IDs>
                  <v12:Name>Receiving Account</v12:Name>
                  <v12:Desc>The service account to be adjusted</v12:Desc>
               </v12:Adjusts>
               <v12:TransferFrom>
                  <v12:IDs>
                     <v12:ID>ACCT_98765</v12:ID>
                  </v12:IDs>
                  <v12:Name>Giving Account</v12:Name>
                  <v12:Desc>The service account from which to transfer the Amount/Quantity from </v12:Desc>
                  <v12:Amount currencyID="GBP">20.00</v12:Amount>
               </v12:TransferFrom>
               <v12:TriggeredBy actionCode="ADD" businessObjectType="Customer Money Transfer Entity Service">
                  <v12:IDs>
                     <v12:ID>CMT_12345</v12:ID>
                  </v12:IDs>
                  <v12:Name>Customer Money Transfer Example</v12:Name>
               </v12:TriggeredBy>
               <v13:Notes>
                  <v13:Note>
                     <v12:IDs>
                        <v12:ID>Note12345</v12:ID>
                     </v12:IDs>
                     <v12:Name>Note 1</v12:Name>
                     <v12:Desc>Sample Note 1</v12:Desc>
                     <v12:Content>Adjustment triggered by a customer money transfer transaction</v12:Content>
                     <v12:AgentID>jdoe</v12:AgentID>
                     <v13:Extension/>
                  </v13:Note>
               </v13:Notes>
               <v13:Extension/>
            </v13:Parts>
            <v13:Extension/>
         </v11:ServiceAccountAdjustmentVBO>
	</v11:CreateServiceAccountAdjustmentVBMRequest>
