      <v11:GetServiceAccountAdjustmentListVBMRequest xmlns:soapenv="http://schemas.xmlsoap.org/soap/envelope/" xmlns:v1="http://group.vodafone.com/contract/vho/header/v1" xmlns:v11="http://group.vodafone.com/schema/vbm/service/service-account-adjustment/v1" xmlns:v12="http://group.vodafone.com/schema/common/v1" xmlns:urn="urn:un:unece:uncefact:documentation:standard:CoreComponentType:2" xmlns:v13="http://group.vodafone.com/schema/vbo/service/service-account-adjustment/v1">
         <v12:StartIndex>0</v12:StartIndex>
         <v12:IndexPerPage>10</v12:IndexPerPage>
         <v12:Criteria>
            <v12:QueryExpression>
               <v12:QueryExpression LogicalOperatorCode="AND">
                  <v12:ValueExpression QueryOperatorCode="EQUALS" Path="/ServiceAccountAdjustmentVBO/Parts/Adjusts/IDs/ID">
                     <v12:Value>12345</v12:Value>
                  </v12:ValueExpression>
                  <v12:ValueExpression QueryOperatorCode="EQUALS" Path="/ServiceAccountAdjustmentVBO/Roles/Receiver/IDs/ID">
                     <v12:Value>777888</v12:Value>
                  </v12:ValueExpression>
               </v12:QueryExpression>
            </v12:QueryExpression>
         </v12:Criteria>
      </v11:GetServiceAccountAdjustmentListVBMRequest>
