<?xml version="1.0" encoding="UTF-8"?>
<vbm:GetServiceAccountAdjustmentListVBMResponse xmlns:cct="urn:un:unece:uncefact:documentation:standard:CoreComponentType:2" xmlns:vbm="http://group.vodafone.com/schema/vbm/service/service-account-adjustment/v1" xmlns:vbo="http://group.vodafone.com/schema/vbo/service/service-account-adjustment/v1" xmlns:extvbo="http://group.vodafone.com/schema/extension/vbo/service/service-account-adjustment/v1" xmlns:cmn="http://group.vodafone.com/schema/common/v1" xmlns:xsi="http://www.w3.org/2001/XMLSchema-instance">
         <vbm:ServiceAccountAdjustmentVBO>
            <cmn:IDs>
               <cmn:ID schemeAgencyName="Vodafone" schemeName="Service Account Adjustment ID">SAA_123</cmn:ID>
            </cmn:IDs>
            <cmn:Name>Buddy Balance Transfer Example</cmn:Name>
            <cmn:Desc>An example of a Buddy Balance Transfer Request</cmn:Desc>
            <cmn:Type listAgencyName="Vodafone" listName="Service Account Adjustment Type Code">Transfer</cmn:Type>
            <cmn:Categories>
               <cmn:Category listAgencyName="Vodafone" listName="Service Account Adjustment Category Code">Prepaid</cmn:Category>
            </cmn:Categories>
            <cmn:Status listAgencyName="Vodafone" listName="Service Account Adjustment Status Code">In Progress</cmn:Status>
            <cmn:Version>1.0</cmn:Version>
            <cmn:Created>2016-10-01</cmn:Created>
            <cmn:ValidityPeriod>
               <cmn:FromDate>
                  <cct:Date>2017-10-01</cct:Date>
               </cmn:FromDate>
               <cmn:ToDate>
                  <cct:Date>2017-10-01</cct:Date>
               </cmn:ToDate>
            </cmn:ValidityPeriod>
            <cmn:LastActivityDate>2017-02-01</cmn:LastActivityDate>
            <vbo:Details>
               <vbo:AdjustmentAmount currencyID="GBP">20.00</vbo:AdjustmentAmount>
               <vbo:Extension/>
            </vbo:Details>
            <vbo:RelatedServiceAccountAdjustments>
               <vbo:RelatedServiceAccountAdjustment>
                  <cmn:IDs>
                     <cmn:ID schemeAgencyName="Vodafone" schemeName="Related Service Account Adjustment ID">123</cmn:ID>
                  </cmn:IDs>
                  <cmn:Name>Balance Transfer One</cmn:Name>
                  <cmn:Desc>Details of Balance Transfer</cmn:Desc>
                  <cmn:Type listAgencyName="Vodafone" listName="Related Service Account Adjustment Type Code">transfer</cmn:Type>
                  <cmn:Categories>
                     <cmn:Category listAgencyName="Vodafone" listName="string">Prepaid</cmn:Category>
                  </cmn:Categories>
                  <cmn:Status listAgencyName="Vodafone" listName="Related Service Account Adjustment Status Code">Active</cmn:Status>
                  <vbo:Extension/>
               </vbo:RelatedServiceAccountAdjustment>
            </vbo:RelatedServiceAccountAdjustments>
            <vbo:Roles>
               <vbo:Sender>
                  <cmn:IDs>
                     <cmn:ID schemeAgencyName="Vodafone" schemeName="Party Role ID">SAA_PARTY_123</cmn:ID>
                  </cmn:IDs>
                  <cmn:Name>S.Rogers</cmn:Name>
                  <cmn:Desc>The Details of the sender</cmn:Desc>
                  <cmn:Type listAgencyName="Vodafone" listName="Party Type Code">Party</cmn:Type>
                  <cmn:Categories>
                     <cmn:Category listAgencyName="Vodafone" listName="string"/>
                  </cmn:Categories>
                  <cmn:Status listAgencyName="Vodafone" listName="Party Status Code">Active</cmn:Status>
                  <vbo:Extension/>
               </vbo:Sender>
               <vbo:Receiver>
                  <cmn:IDs>
                     <cmn:ID schemeAgencyName="Vodafone" schemeName="Party Role ID">SAA_PARTY_456</cmn:ID>
                  </cmn:IDs>
                  <cmn:Name>John Smith P</cmn:Name>
                  <cmn:Desc>The Details of the Receiver</cmn:Desc>
                  <cmn:Type listAgencyName="Vodafone" listName="Party Type Code">Party</cmn:Type>
                  <cmn:Categories>
                     <cmn:Category listAgencyName="Vodafone" listName="string"/>
                  </cmn:Categories>
                  <cmn:Status listAgencyName="Vodafone" listName="Party Status Code">Active</cmn:Status>
                  <vbo:Extension/>
               </vbo:Receiver>
               <vbo:WorkforceAgent>
                  <cmn:IDs>
                     <cmn:ID schemeAgencyName="Vodafone" schemeName="Party Role ID">WFA_123</cmn:ID>
                  </cmn:IDs>
                  <cmn:Name>Agent one</cmn:Name>
                  <cmn:Desc>The Details of the Work force agent</cmn:Desc>
                  <cmn:Type listAgencyName="Vodafone" listName="Party Type Code">Party</cmn:Type>
                  <cmn:Categories>
                     <cmn:Category listAgencyName="Vodafone" listName="string"/>
                  </cmn:Categories>
                  <cmn:Status listAgencyName="Vodafone" listName="Party Status Code">Active</cmn:Status>
                  <vbo:Extension/>
               </vbo:WorkforceAgent>
               <vbo:Extension/>
            </vbo:Roles>
            <vbo:Parts>
               <cmn:Adjusts>
                  <cmn:IDs>
                     <cmn:ID schemeAgencyName="Vodafone" schemeName="Adjusts ID">ACCT_12345</cmn:ID>
                  </cmn:IDs>
                  <cmn:Name>Receiving Account</cmn:Name>
                  <cmn:Desc>The Service Account to be Adjusted</cmn:Desc>
               </cmn:Adjusts>
               <cmn:TransferFrom>
                  <cmn:IDs>
                     <cmn:ID schemeAgencyName="Vodafone" schemeName="Transfer From ID">ACCT_98765</cmn:ID>
                  </cmn:IDs>
                  <cmn:Name>>Giving Account</cmn:Name>
                  <cmn:Desc>The service account from which to transfer the Amount/Quantity from</cmn:Desc>
                  <cmn:Type listAgencyName="Vodafone" listName="Transfer From Type Code">Token</cmn:Type>
                  <cmn:Categories>
                     <cmn:Category listAgencyName="Vodafone" listName="Transfer From Category Code">Token</cmn:Category>
                  </cmn:Categories>
                  <cmn:Status listAgencyName="Vodafone" listName="Transfer From Status Code">In Progress</cmn:Status>
                  <cmn:Quantity>2.0</cmn:Quantity>
               </cmn:TransferFrom>
               <cmn:TriggeredBy>
                  <cmn:IDs>
                     <cmn:ID schemeAgencyName="Vodafone" schemeName="Triggered By ID">CMT_12345</cmn:ID>
                  </cmn:IDs>
                  <cmn:Name>Customer Money Transfer Example</cmn:Name>
               </cmn:TriggeredBy>
               <vbo:AdjustmentSpecification>
                  <cmn:IDs>
                     <cmn:ID schemeAgencyName="Vodafone" schemeName="Adjustment Specification ID">123</cmn:ID>
                  </cmn:IDs>
                  <cmn:Name>The Adjustment Specification</cmn:Name>
                  <cmn:Desc>Adjustment Specification</cmn:Desc>
                  <cmn:Type listAgencyName="Vodafone" listName="Credit Profile Type Code">Adjustment Specification type</cmn:Type>
                  <cmn:Categories>
                     <cmn:Category listAgencyName="Vodafone" listName="string"/>
                  </cmn:Categories>
                  <cmn:Status listAgencyName="Vodafone" listName="Account Status Code">Active</cmn:Status>
                  <cmn:CharacteristicsValue characteristicName="Characteristic One">
                     <cmn:Value>1</cmn:Value>
                     <cmn:Type listAgencyName="Vodafone" listName="string">token</cmn:Type>
                     <cmn:CreationTime format="ISO8601">2015-04-01T00:00:00Z</cmn:CreationTime>
                     <cmn:ValidityPeriod>
                        <cmn:FromDate>
                           <cct:Date>2015-10-01</cct:Date>
                        </cmn:FromDate>
                        <cmn:ToDate>
                           <cct:Date>2015-10-01</cct:Date>
                        </cmn:ToDate>
                     </cmn:ValidityPeriod>
                  </cmn:CharacteristicsValue>
                  <vbo:Extension/>
               </vbo:AdjustmentSpecification>
               <vbo:Notes>
                  <vbo:Note>
                     <cmn:IDs>
                        <cmn:ID schemeAgencyName="Vodafone" schemeName="Note ID">123</cmn:ID>
                     </cmn:IDs>
                     <cmn:Name>Note One</cmn:Name>
                     <cmn:Desc>Sample Note 1</cmn:Desc>
                     <cmn:Type listAgencyName="Vodafone" listName="Note Code">Type</cmn:Type>
                     <cmn:Categories>
                        <cmn:Category listAgencyName="Vodafone" listName="string"/>
                     </cmn:Categories>
                     <cmn:Status listAgencyName="Vodafone" listName="Account Status Code">Active</cmn:Status>
                     <cmn:Content>Adjustment triggered by a customer money transfer transaction</cmn:Content>
                     <cmn:AgentID schemeAgencyName="Vodafone" schemeName="Adjustment ID">jdoe</cmn:AgentID>
                     <cmn:CreatedDateTime>2015-02-01</cmn:CreatedDateTime>
                     <cmn:LastModifiedDateTime>2017-02-01</cmn:LastModifiedDateTime>
                     <vbo:Extension/>
                  </vbo:Note>
               </vbo:Notes>
               <vbo:ServiceBalances>
                  <vbo:ServiceBalance>
                     <cmn:IDs>
                        <cmn:ID schemeAgencyName="Vodafone" schemeName="string">SB_123</cmn:ID>
                     </cmn:IDs>
                     <cmn:Name>Service Balance</cmn:Name>
                     <cmn:Desc>The Balance available on the customers account</cmn:Desc>
                     <cmn:Type listAgencyName="Vodafone" listName="string">string</cmn:Type>
                     <cmn:Categories>
                        <cmn:Category listAgencyName="Vodafone" listName="string">CAT_211</cmn:Category>
                     </cmn:Categories>
                     <cmn:Status listAgencyName="Vodafone" listName="Product Status Code">New</cmn:Status>
                     <vbo:AdjustmentAmount currencyID="GBP">10.0</vbo:AdjustmentAmount>
                     <vbo:BalanceAmount currencyID="GBP">20.0</vbo:BalanceAmount>
                     <vbo:Extension/>
                  </vbo:ServiceBalance>
               </vbo:ServiceBalances>
               <vbo:Extension/>
            </vbo:Parts>
            <vbo:Extension/>
         </vbm:ServiceAccountAdjustmentVBO>
 </vbm:GetServiceAccountAdjustmentListVBMResponse>