<?xml version="1.0" encoding="UTF-8" standalone="no"?>
 <vbm:GetServiceAccountAdjustmentListVBMRequest xmlns:cct="urn:un:unece:uncefact:documentation:standard:CoreComponentType:2" xmlns:vbm="http://group.vodafone.com/schema/vbm/service/service-account-adjustment/v1" xmlns:vbo="http://group.vodafone.com/schema/vbo/service/service-account-adjustment/v1" xmlns:extvbo="http://group.vodafone.com/schema/extension/vbo/service/service-account-adjustment/v1" xmlns:cmn="http://group.vodafone.com/schema/common/v1" xmlns:xsi="http://www.w3.org/2001/XMLSchema-instance">
         <cmn:StartIndex format="[0-9]">10</cmn:StartIndex>
         <cmn:IndexPerPage format="[0-9]">10</cmn:IndexPerPage>
         <cmn:Criteria>
            <cmn:QueryExpression>
               <cmn:ValueExpression QueryOperatorCode="EQUALS" Path="/ServiceAccountAdjustmentVBO/Parts/Adjusts/IDs/ID">
                  <cmn:Value>12345</cmn:Value>
               </cmn:ValueExpression>
               <cmn:ValueExpression QueryOperatorCode="EQUALS" Path="/ServiceAccountAdjustmentVBO/Roles/Receiver/IDs/ID">
                  <cmn:Value>777888</cmn:Value>
               </cmn:ValueExpression>
            </cmn:QueryExpression>
         </cmn:Criteria>
 </vbm:GetServiceAccountAdjustmentListVBMRequest>
