     <v11:NotifyServiceAccountAdjustmentVBMRequest eventCode="Created" xmlns:soapenv="http://schemas.xmlsoap.org/soap/envelope/" xmlns:v1="http://group.vodafone.com/contract/vho/header/v1" xmlns:v11="http://group.vodafone.com/schema/vbm/service/service-account-adjustment/v1" xmlns:v12="http://group.vodafone.com/schema/common/v1" xmlns:urn="urn:un:unece:uncefact:documentation:standard:CoreComponentType:2" xmlns:v13="http://group.vodafone.com/schema/vbo/service/service-account-adjustment/v1">
         <v11:ServiceAccountAdjustmentVBO>
            <v12:IDs>
               <v12:ID>SAA_1234</v12:ID>
            </v12:IDs>
            <v12:Name>Topup payment</v12:Name>
            <v12:Desc>Account Adjustment, ref 12345</v12:Desc>
            <v12:Type>Credit</v12:Type>
            <v12:Created>2015-04-22T09:30.000Z</v12:Created>
            <v12:CreatedBy>jdoe</v12:CreatedBy>
           <v13:Details>
               <v13:AdjustmentAmount currencyID="GBP">25</v13:AdjustmentAmount>
            </v13:Details>
            <v13:Roles>
               <v13:Sender>
                  <v12:IDs>
                     <v12:ID>SAA_PARTY_123</v12:ID>
                  </v12:IDs>
               </v13:Sender>
               <v13:Receiver>
                  <v12:IDs>
                     <v12:ID>SAA_PARTY_456</v12:ID>
                  </v12:IDs>
               </v13:Receiver>
            </v13:Roles>
            <v13:Parts>
               <v12:Adjusts>
                  <v12:IDs>
                     <v12:ID>SAA_ACC_123</v12:ID>
                  </v12:IDs>
               </v12:Adjusts>
               <v12:TransferFrom>
                  <v12:IDs>
                     <v12:ID>SAA_ACC_456</v12:ID>
                  </v12:IDs>
                  <v12:Amount currencyID="GBP">25</v12:Amount>
               </v12:TransferFrom>
            </v13:Parts>
         </v11:ServiceAccountAdjustmentVBO>
      </v11:NotifyServiceAccountAdjustmentVBMRequest>