{
    "$schema": "http://json-schema.org/draft-06/schema#",
    "$id": "ServiceAccountAdjustmentVBO.json",
    "title": "ServiceAccountAdjustmentVBO",
    "description": "A VBO that enables the consuming application to credit/debit/ transfer on the customers service account",
    "type": "object",
    "properties": {
        "_links": {
            "type": "array",
            "items": {
                "$ref": "../../../Common/V1/Links.json#/properties/_links"
            }
        },
        "id": {
            "type": "array",
            "description": "The set of Identifiers for the VBO or component. These should be used to uniquely identifier instances of the business object or component.",
            "minItems": 1,
            "items": {
                "$ref": "../../../Common/V1/BasicComponents.json#/properties/IDType"
            }
        },
        "name": {
            "type": "string",
            "description": "The name of the instance of a business object or component."
        },
        "desc": {
            "type": "string",
            "description": "A free text description of a business object or component."
        },
        "type": {
            "type": "string",
            "description": " A classification of the business object or component. This identifies the sub-type of the instance of object or component."
        },
        "category": {
            "type": "array",
            "description": " The set of classifications for the business object or component.",
            "minItems": 1,
            "items": {
                "type": "object",
                "description": " A classification applied to the business object or component. More than one classification scheme can be applied using the @listName attribute to identify the type of code list being used. The classification scheme can be used to group instances of the object or component.",
                "properties": {
                    "value": {
                        "type": "string",
                        "description": "The value of the field."
                    },
                    "listHierarchyId": {
                        "type": "string",
                        "description": " An agency that maintains one or more lists of codes."
                    }
                },
                "required": [
                    "value"
                ]
            }
        },
        "status": {
            "type": "string",
            "description": " The lifecycle state of the business object or component. This field is used to track the specific state an instance of an object or component is in"
        },
        "version": {
            "type": "string",
            "description": "A field that identifies the specific version of an instance of a business object or component. This field should be used in support of multi-agent environments to control the concurrency (locking) of the instance."
        },
        "created": {
            "$ref": "../../../Common/V1/BasicComponents.json#/properties/dateTimeType"
        },
        "createdBy": {
            "$ref": "../../../Common/V1/BasicComponents.json#/properties/IDType"
        },
        "lastModified": {
            "$ref": "../../../Common/V1/BasicComponents.json#/properties/dateTimeType"
        },
        "lastModifiedBy": {
            "$ref": "../../../Common/V1/BasicComponents.json#/properties/IDType"
        },
        "validityPeriod": {
            "$ref": "../../../Common/V1/CommonComponents.json#/properties/validityPeriodType"
        },
        "lastActivityDate": {
            "$ref": "../../../Common/V1/BasicComponents.json#/properties/dateTimeType"
        },
        "details": {
            "type": "object",
            "description": "The set of attributes specific to a service account adjustment.",
            "properties": {
                "adjustmentAmount": {
                    "$ref": "../../../Common/V1/BasicComponents.json#/properties/amountType"
                },
                "adjustmentQuantity": {
                    "$ref": "../../../Common/V1/BasicComponents.json#/properties/quantityType"
                }
            },
            "oneOf": [
                {
                    "required": [
                        "adjustmentAmount"
                    ]
                },
                {
                    "required": [
                        "adjustmentQuantity"
                    ]
                }
            ]
        },
        "relatedServiceAccountAdjustment": {
            "type": "array",
            "description": "Collection of related service account adjustments",
            "minItems": 1,
            "items": {
                "allOf": [
                    {
                        "$ref": "../../../Common/V1/CommonComponents.json#/properties/baseComponentType"
                    },
                    {
                        "properties": {
                            "_links": {
                                "type": "array",
                                "items": {
                                    "$ref": "../../../Common/V1/Links.json#/properties/_links"
                                }
                            }
                        }
                    }
                ]
            }
        },
        "roles": {
            "type": "object",
            "description": "The set of party role relationships on a service account adjustment.",
            "properties": {
                "sender": {
                    "type": "object",
                    "description": "Sender role for service account adjustment. The individual who is sending the amount. In most cases this will be a reference to Vodafone customer.",
                    "allOf": [
                        {
                            "$ref": "../../../Common/V1/CommonComponents.json#/properties/baseComponentType"
                        },
                        {
                            "properties": {
                                "_links": {
                                    "type": "array",
                                    "items": {
                                        "$ref": "../../../Common/V1/Links.json#/properties/_links"
                                    }
                                }
                            }
                        }
                    ]
                },
                "receiver": {
                    "type": "object",
                    "description": "Receiver role for service account adjustment. The organisation/Individual receiving the credit amout; in most cases this will be a reference to a Vodafone organisation.",
                    "allOf": [
                        {
                            "$ref": "../../../Common/V1/CommonComponents.json#/properties/baseComponentType"
                        },
                        {
                            "properties": {
                                "_links": {
                                    "type": "array",
                                    "items": {
                                        "$ref": "../../../Common/V1/Links.json#/properties/_links"
                                    }
                                }
                            }
                        }
                    ]
                },
                "workforceAgent": {
                    "type": "object",
                    "description": "Workforce Agent role for customer account. The Agent who is doing the account adjustment; in most cases this will be a reference to a Vodafone  Agent.",
                    "allOf": [
                        {
                            "$ref": "../../../Common/V1/CommonComponents.json#/properties/baseComponentType"
                        },
                        {
                            "properties": {
                                "_links": {
                                    "type": "array",
                                    "items": {
                                        "$ref": "../../../Common/V1/Links.json#/properties/_links"
                                    }
                                }
                            }
                        }
                    ]
                }
            }
        },
        "parts": {
            "type": "object",
            "description": "The set of components that define a customer account.",
            "properties": {
                "adjust": {
                    "type": "object",
                    "description": "The adjusts applied for the service adjustment.",
                    "allOf": [
                        {
                            "$ref": "../../../Common/V1/CommonComponents.json#/properties/baseComponentType"
                        },
                        {
                            "properties": {
                                "_links": {
                                    "type": "array",
                                    "items": {
                                        "$ref": "../../../Common/V1/Links.json#/properties/_links"
                                    }
                                }
                            }
                        }
                    ]
                },
                "transferFrom": {
                    "type": "object",
                    "description": "The details accounf from which the amount will be debited ",
                    "allOf": [
                        {
                            "$ref": "../../../Common/V1/CommonComponents.json#/properties/baseComponentType"
                        },
                        {
                            "properties": {
                                "_links": {
                                    "type": "array",
                                    "items": {
                                        "$ref": "../../../Common/V1/Links.json#/properties/_links"
                                    }
                                },
                                "quantity": {
                                    "$ref": "../../../Common/V1/BasicComponents.json#/properties/quantityType"
                                },
                                "amount": {
                                    "$ref": "../../../Common/V1/BasicComponents.json#/properties/amountType"
                                }
                            },
                            "oneOf": [
                                {
                                    "required": [
                                        "quantity"
                                    ]
                                },
                                {
                                    "required": [
                                        "amount"
                                    ]
                                }
                            ]
                        }
                    ]
                },
                "triggeredBy": {
                    "type": "object",
                    "description": "The adjusts applied for the service adjustment.",
                    "allOf": [
                        {
                            "$ref": "../../../Common/V1/CommonComponents.json#/properties/baseComponentType"
                        },
                        {
                            "properties": {
                                "_links": {
                                    "type": "array",
                                    "items": {
                                        "$ref": "../../../Common/V1/Links.json#/properties/_links"
                                    }
                                },
                                "businessObjectType": {
                                    "type": "string",
                                    "description": "The type of the business object being referenced."
                                }
                            }
                        }
                    ]
                },
                "adjustmentSpecification": {
                    "type": "object",
                    "allOf": [
                        {
                            "$ref": "../../../Common/V1/CommonComponents.json#/properties/specificationType"
                        },
                        {
                            "properties": {
                                "_links": {
                                    "type": "array",
                                    "items": {
                                        "$ref": "../../../Common/V1/Links.json#/properties/_links"
                                    }
                                }
                            }
                        }
                    ]
                },
                "note": {
                    "type": "array",
                    "description": "The set  of notes associated with the service account adjustment ; used to capture extra information  about the service account adjustment or the requester.",
                    "minItems": 1,
                    "items": {
                        "allOf": [
                            {
                                "$ref": "../../../Common/V1/CommonComponents.json#/properties/baseComponentType"
                            },
                            {
                                "properties": {
                                    "_links": {
                                        "type": "array",
                                        "items": {
                                            "$ref": "../../../Common/V1/Links.json#/properties/_links"
                                        }
                                    }
                                }
                            }
                        ]
                    }
                },
                "serviceBalance": {
                    "type": "array",
                    "description": "The Balance associated with the service account adjustment ; used to capture extra information  about the service account adjustment or the requester.",
                    "minItems": 1,
                    "items": {
                        "allOf": [
                            {
                                "$ref": "../../../Common/V1/CommonComponents.json#/properties/noteType"
                            },
                            {
                                "properties": {
                                    "_links": {
                                        "type": "array",
                                        "items": {
                                            "$ref": "../../../Common/V1/Links.json#/properties/_links"
                                        }
                                    },
                                    "adjustmentAmount": {
                                        "$ref": "../../../Common/V1/BasicComponents.json#/properties/amountType"
                                    },
                                    "balanceAmount": {
                                        "$ref": "../../../Common/V1/BasicComponents.json#/properties/amountType"
                                    }
                                }
                            }
                        ]
                    }
                }
            }
        },
        "relatedParty": {
            "type": "array",
            "description": "A reference to the Parties associated with the Customer Account.",
            "minItems": 1,
            "items": {
                "type": "object",
                "allOf": [
                    {
                        "$ref": "../../../Common/V1/CommonComponents.json#/properties/relatedPartyType"
                    },
                    {
                        "properties": {
                            "_links": {
                                "type": "array",
                                "items": {
                                    "$ref": "../../../Common/V1/Links.json#/properties/_links"
                                }
                            }
                        }
                    }
                ]
            }
        }
    }
}