<AuditLookup>
    <services>
        <service name="BalaceTopUP_JSON_MPG">
            <EnableAudit>true</EnableAudit>
            <AuditType>MQ</AuditType>
            <AllLegsLogged>CONSUMER_TO_ESB,ESB_TO_PROVIDER,PROVIDER_TO_ESB,ESB_TO_CONSUMER,ESB_TO_ERROR</AllLegsLogged>
            <LastLegs>ESB_TO_CONSUMER,ESB_TO_ERROR</LastLegs>
        </service>
        
        <service name="Service_Json_MPG">
            <EnableAudit>true</EnableAudit>
            <AuditType>MQ</AuditType>
            <AllLegsLogged>CONSUMER_TO_ESB,ESB_TO_PROVIDER,PROVIDER_TO_ESB,ESB_TO_CONSUMER,ESB_TO_ERROR</AllLegsLogged>
            <LastLegs>ESB_TO_CONSUMER,ESB_TO_ERROR</LastLegs>
        </service>

  <service name="Services_SOAP_MPG">
            <EnableAudit>true</EnableAudit>
            <AuditType>MQ</AuditType>
            <AllLegsLogged>CONSUMER_TO_ESB,ESB_TO_PROVIDER,PROVIDER_TO_ESB,ESB_TO_CONSUMER,ESB_TO_ERROR</AllLegsLogged>
            <LastLegs>ESB_TO_CONSUMER,ESB_TO_ERROR</LastLegs>
        </service>

        <QueueManagerName>EAI_Audit_QMGR</QueueManagerName>
        <QueueName>AUDIT.DP.ESB.01</QueueName>
        <Timeout>1</Timeout>

        <HTTPurl/>
    </services>
</AuditLookup>