<ExceptionDetail>
    <DPErrorCode value="0x00230001">
        <errorCode>VEAI100230001E</errorCode>
        <errorCategory>ESB Internal Error</errorCategory>
        <errorDesc>A schema validation error has occurred while parsing the XML
            document.</errorDesc>
    </DPErrorCode>
    <DPErrorCode value="0x0113001e">
        <errorCode>VEAI100113001E</errorCode>
        <errorCategory>ESB Internal Error</errorCategory>
        <errorDesc>Invalid Service Name. Therefore,Backside URL invalid.</errorDesc>
    </DPErrorCode>
    <DPErrorCode value="0x00d30003">
        <errorCode>VEAI100230001E</errorCode>
        <errorCategory>ESB Internal Error</errorCategory>
        <errorDesc>Routing details Not available.</errorDesc>
    </DPErrorCode>
    <DPErrorCode value="0x01130009">
        <errorCode>VEAI11130009E</errorCode>
        <errorCategory>ESB Internal Error</errorCategory>
        <errorDesc>Dynamic backend host not specified</errorDesc>
    </DPErrorCode>
    <DPErrorCode value="0x00030001">
        <errorCode>VEAI100030001E</errorCode>
        <errorCategory>ESB Internal Error</errorCategory>
        <errorDesc>Parse error has occurred while parsing the XML document.</errorDesc>
    </DPErrorCode>
    <DPErrorCode value="0x01130006">
        <errorCode>VEAI11130006E</errorCode>
        <errorCategory>ESB Internal Error</errorCategory>
        <errorDesc>Remote host did not respond within the timeout period.</errorDesc>
    </DPErrorCode>
    <DPErrorCode value="0x00c30002">
        <errorCode>VEAI10c30002E</errorCode>
        <errorCategory>ESB Internal Error</errorCategory>
        <errorDesc>XSL compilation error has occurred while compiling the XML document.</errorDesc>
    </DPErrorCode>
    <DPErrorCode value="0x0213000f">
        <errorCode>VEAI10213000fE</errorCode>
        <errorCategory>ESB Internal Error</errorCategory>
        <errorDesc>Invalid JSON format</errorDesc>
    </DPErrorCode>
    <DPErrorCode value="0x00c3000c">
        <errorCode>VEAI100c3000cE</errorCode>
        <errorCategory>ESB Internal Error</errorCategory>
        <errorDesc>Empty response from server</errorDesc>
    </DPErrorCode>
    <DPErrorCode value="0x01130024">
        <errorCode>VEAI101130024E</errorCode>
        <errorCategory>ESB Internal Error</errorCategory>
        <errorDesc>Request did not match with input request format</errorDesc>
    </DPErrorCode>
    <DPErrorCode value="99999">
        <errorCode>VEAI199999E</errorCode>
        <errorCategory>ESB Internal Error</errorCategory>
        <errorDesc>Authentication Details are not available.user is Invalid</errorDesc>
    </DPErrorCode>
    <DPErrorCode value="2666">
        <errorCode>VEAI112666E</errorCode>
        <errorCategory>ESB Internal Error</errorCategory>
        <errorDesc>Failed to open queue. Queue Name or QueueManager may be wrong.</errorDesc>
    </DPErrorCode>
    <DPErrorCode value="2951">
        <errorCode>VEAI112951E</errorCode>
        <errorCategory>ESB Internal Error </errorCategory>
        <errorDesc>There is no look up data available for service.</errorDesc>
    </DPErrorCode>
    <DPErrorCode value="3001">
        <errorCode>VEAI123001E</errorCode>
        <errorCategory>ESB Internal Error </errorCategory>
        <errorDesc>WPS adaptor not responding. Timeout has occurred.</errorDesc>
    </DPErrorCode>
    <DPErrorCode value="3002">
        <errorCode>VEAI113002E</errorCode>
        <errorCategory>ESB Internal Error </errorCategory>
        <errorDesc>Look up XML not present in the queue.</errorDesc>
        <Retry>Yes</Retry>
    </DPErrorCode>
    <DPErrorCode value="3010">
        <errorCode>VEAI133010E</errorCode>
        <errorCategory>ESB Internal Error </errorCategory>
        <errorDesc>Translation has error.Source system must be defined.</errorDesc>
    </DPErrorCode>
    <DPErrorCode value="3011">
        <errorCode>VEAI133011E</errorCode>
        <errorCategory>ESB Internal Error </errorCategory>
        <errorDesc>Translation has error.Target system must be defined.</errorDesc>
    </DPErrorCode>
    <DPErrorCode value="3012">
        <errorCode>VEAI133012E</errorCode>
        <errorCategory>ESB Internal Error </errorCategory>
        <errorDesc>Translation has error.Path must be defined for the field which needs to be
            translated.</errorDesc>
    </DPErrorCode>
    <DPErrorCode value="3013">
        <errorCode>VEAI123013E</errorCode>
        <errorCategory>Data Integrity Error </errorCategory>
        <errorDesc>Translation has error.There must be a valid value present for translation
            field.</errorDesc>
    </DPErrorCode>
    <DPErrorCode value="3014">
        <errorCode>VEAI123014E</errorCode>
        <errorCategory>ESB Internal Error </errorCategory>
        <errorDesc>Translation has error.Path does not exist in input message.</errorDesc>
    </DPErrorCode>
    <DPErrorCode value="4367">
        <errorCode>VEAI114367E</errorCode>
        <errorCategory>ESB Internal Error </errorCategory>
        <errorDesc>Translation has error. Not able to translate value of a specified
            field.</errorDesc>
    </DPErrorCode>
    <DPErrorCode value="4446">
        <errorCode>VEAI114446E</errorCode>
        <errorCategory>ESB Internal Error </errorCategory>
        <errorDesc>Stylesheet does not exist or not well formed.</errorDesc>
        <Retry>Yes</Retry>
    </DPErrorCode>
    <DPErrorCode value="5025">
        <errorCode>VEAI135025E</errorCode>
        <errorCategory>Data Integrity Error </errorCategory>
        <errorDesc>A schema validation error has occurred while parsing the XML
            document.</errorDesc>
    </DPErrorCode>
    <DPErrorCode value="5028">
        <errorCode>VEAI135028E</errorCode>
        <errorCategory>Data Integrity Error </errorCategory>
        <errorDesc>Cannot be located for the specified message set.</errorDesc>
        <Retry>Yes</Retry>
    </DPErrorCode>
    <DPErrorCode value="3114">
        <errorCode>VEAI33114E</errorCode>
        <errorCategory>ESB Internal Error</errorCategory>
        <errorDesc>Look up queue not present.</errorDesc>
        <Retry>Yes</Retry>
    </DPErrorCode>
    <DPErrorCode value="3020">
        <errorCode>VEAI32302E</errorCode>
        <errorCategory>HTTP Request Failed</errorCategory>
        <errorDesc>IMEI returned for MSISDN is NULL</errorDesc>
    </DPErrorCode>
    <DPErrorCode value="3150">
        <errorCode>VEAI34315E</errorCode>
        <errorCategory>WebService Call Exception</errorCategory>
        <errorDesc>A Socket Exception has occurred.Remote host did not respond within the timeout
            period.</errorDesc>
    </DPErrorCode>
    <DPErrorCode value="3016">
        <errorCode>VEAI03016E</errorCode>
        <errorCategory>EAI Internal Error</errorCategory>
        <errorDesc>Routing Details are not available.</errorDesc>
    </DPErrorCode>
    <DPErrorCode value="3124">
        <errorCode>VEAI03045E</errorCode>
        <errorCategory>EAI Internal Error</errorCategory>
        <errorDesc>Rejected By security Policy</errorDesc>
    </DPErrorCode>
    <DPErrorCode value="3017">
        <errorCode>VEAI03017E</errorCode>
        <errorCategory>EAI Internal Error</errorCategory>
        <errorDesc>Authentication Details are not available.</errorDesc>
    </DPErrorCode>
    <DPErrorCode value="3018">
        <errorCode>VEAI3018E</errorCode>
        <errorCategory>EAI Internal Error</errorCategory>
        <errorDesc>Channel Name or CircleId might be wrong.</errorDesc>
    </DPErrorCode>
    <DPErrorCode value="3019">
        <errorCode>VEAI113019E</errorCode>
        <errorCategory>EAI Internal Error</errorCategory>
        <errorDesc>Incorrect Header Information.</errorDesc>
    </DPErrorCode>
    <DPErrorCode value="5432">
        <errorCode>VEAI00000E</errorCode>
        <errorCategory>Success</errorCategory>
        <errorDesc>The message was a 'Reject' case and has been discarded.</errorDesc>
    </DPErrorCode>
    <DPErrorCode value="3022">
        <errorCode>VEAI03022E</errorCode>
        <errorCategory>Request Message has expired</errorCategory>
        <errorDesc>Request Message has expired.Please retry again</errorDesc>
    </DPErrorCode>
    <DPErrorCode value="3023">
        <errorCode>VEAI03023E</errorCode>
        <errorCategory>EAI Internal Error</errorCategory>
        <errorDesc>Unknown Object Name</errorDesc>
    </DPErrorCode>
    <DPErrorCode value="3024">
        <errorCode>VEAI03024E</errorCode>
        <errorCategory>EAI Internal Error</errorCategory>
        <errorDesc>Queue Manager Not Available</errorDesc>
    </DPErrorCode>
    <DPErrorCode value="3025">
        <errorCode>VEAI03025E</errorCode>
        <errorCategory>EAI Internal Error</errorCategory>
        <errorDesc>Connection Broken</errorDesc>
    </DPErrorCode>
    <DPErrorCode value="1722">
        <errorCode>VEAI01722E</errorCode>
        <errorCategory>EAI Internal Error</errorCategory>
        <errorDesc>XML MetaInfo Incorrect</errorDesc>
    </DPErrorCode>
    <DPErrorCode value="3026">
        <errorCode>VEAI03026E</errorCode>
        <errorCategory>EAI Internal Error</errorCategory>
        <errorDesc>Invalid MSISDN</errorDesc>
    </DPErrorCode>
    <DPErrorCode value="0x01d30002">
        <errorCode>VEAI030002E</errorCode>
        <errorCategory>EAI Internal Error</errorCategory>
        <errorDesc>NOT AUTHENTICATED USER</errorDesc>
    </DPErrorCode>
    <DPErrorCode value="0x00000000">
        <errorCode>VEAI11130006E</errorCode>
        <errorCategory>ESB Internal Error</errorCategory>
        <errorDesc>Remote host did not respond within the timeout period.</errorDesc>
    </DPErrorCode>
    <DPErrorCode value="0400">
        <errorCode>VEAI300400E</errorCode>
        <errorCategory>DPA Error</errorCategory>
        <errorDesc>GetAllDevicePropertyByMSISDN service error|| DPA Error</errorDesc>
    </DPErrorCode>
    <DPErrorCode value="0300">
        <errorCode>VEAI300300E</errorCode>
        <errorCategory>DPA Error</errorCategory>
        <errorDesc>GetIMEIByMSISDN service error|| DPA Error</errorDesc>
    </DPErrorCode>
    <DPErrorCode value="0500">
        <errorCode>VEAI300500E</errorCode>
        <errorCategory>CRM ODS Error</errorCategory>
        <errorDesc>4GPhoneAttribute service error|| CRMODS Error</errorDesc>
    </DPErrorCode>
    <DPErrorCode value="1006">
        <errorCode>VEAI301006E</errorCode>
        <errorCategory>UPSS Error</errorCategory>
        <errorDesc>ERROR:Subscriber does not exist. ||UPSS Error</errorDesc>
    </DPErrorCode>
    <DPErrorCode value="1012">
        <errorCode>VEAI301012E</errorCode>
        <errorCategory>UPSS Error</errorCategory>
        <errorDesc>SUCCESS:No Coupons available for subscriber.|| UPSS Error</errorDesc>
    </DPErrorCode>
    <DPErrorCode value="1013">
        <errorCode>VEAI301013E</errorCode>
        <errorCategory>UPSS Error</errorCategory>
        <errorDesc>ERROR:User authentication failed.|| UPSS Error</errorDesc>
    </DPErrorCode>
    <DPErrorCode value="1014">
        <errorCode>VEAI301014E</errorCode>
        <errorCategory>UPSS Error</errorCategory>
        <errorDesc>ERROR:Username, Password and Application Id are mandatory fields|| UPSS Error</errorDesc>
    </DPErrorCode>
    <DPErrorCode value="1015">
        <errorCode>VEAI301015E</errorCode>
        <errorCategory>UPSS Error</errorCategory>
        <errorDesc>ERROR:Application Id can have maximum 5 characters.|| UPSS Error</errorDesc>
    </DPErrorCode>
    <DPErrorCode value="1002 ">
        <errorCode>VEAI301002E</errorCode>
        <errorCategory>UPSS Error</errorCategory>
        <errorDesc>ERROR:circleId is Invalid circle id.|| UPSS Error</errorDesc>
    </DPErrorCode>
    <DPErrorCode value="1001">
        <errorCode>VEAI301001E</errorCode>
        <errorCategory>UPSS Error</errorCategory>
        <errorDesc>ERROR:Please send mandatory elements.|| UPSS Error</errorDesc>
    </DPErrorCode>
    <DPErrorCode value="1018">
        <errorCode>VEAI301018E</errorCode>
        <errorCategory>UPSS Error</errorCategory>
        <errorDesc>ERROR:Reason Name can have maximum 100 characters.|| UPSS Error</errorDesc>
    </DPErrorCode>
    <DPErrorCode value="1019">
        <errorCode>VEAI301019E</errorCode>
        <errorCategory>UPSS Error</errorCategory>
        <errorDesc>ERROR:Credit Coupon Type can have maximum 50 characters. || UPSS Error</errorDesc>
    </DPErrorCode>
    <DPErrorCode value="1021">
        <errorCode>VEAI301021E</errorCode>
        <errorCategory>UPSS Error</errorCategory>
        <errorDesc>ERROR:Application Request Id can have maximum 250 characters.|| UPSS Error</errorDesc>
    </DPErrorCode>
    <DPErrorCode value="1022">
        <errorCode>VEAI301022E</errorCode>
        <errorCategory>UPSS Error</errorCategory>
        <errorDesc>ERROR:Invalid coupon type.|| UPSS Error</errorDesc>
    </DPErrorCode>
    <DPErrorCode value="1023">
        <errorCode>VEAI301023E</errorCode>
        <errorCategory>UPSS Error</errorCategory>
        <errorDesc>ERROR:Invalid coupon id.|| UPSS Error</errorDesc>
    </DPErrorCode>
    <DPErrorCode value="1024">
        <errorCode>VEAI301024E</errorCode>
        <errorCategory>UPSS Error</errorCategory>
        <errorDesc>ERROR:Invalid coupon status.|| UPSS Error</errorDesc>
    </DPErrorCode>
    <DPErrorCode value="1004">
        <errorCode>VEAI301004E</errorCode>
        <errorCategory>UPSS Error</errorCategory>
        <errorDesc>ERROR:msisdn is invalid MSISDN.|| UPSS Error</errorDesc>
    </DPErrorCode>
    <DPErrorCode value="1005">
        <errorCode>VEAI301005E</errorCode>
        <errorCategory>UPSS Error</errorCategory>
        <errorDesc>ERROR:MSISDN can have minimum 10 and maximum 20 characters || UPSS Error</errorDesc>
        
    </DPErrorCode>
    <DPErrorCode value="1026">
        <errorCode>VEAI301026E</errorCode>
        <errorCategory>UPSS Error</errorCategory>
        <errorDesc>ERROR:Failed to check coupons available.|| UPSS Error</errorDesc>
    </DPErrorCode>
    
    <DPErrorCode value="1031">
        <errorCode>VEAI301031E</errorCode>
        <errorCategory>UPSS Error</errorCategory>
        <errorDesc>ERROR:Request processing failed. Please retry after sometime || UPSS Error</errorDesc>
    </DPErrorCode>
    <DPErrorCode value="1032">
        <errorCode>VEAI301032E</errorCode>
        <errorCategory>UPSS Error</errorCategory>
        <errorDesc>ERROR : Insufficient Balance/Deduction not allowed beyond given threshold.|| UPSS Error</errorDesc>
    </DPErrorCode>
    <DPErrorCode value="1033">
        <errorCode>VEAI301033E</errorCode>
        <errorCategory>UPSS Error</errorCategory>
        <errorDesc>ERROR:Adjustment Reason exceeded maximum permissible length.|| UPSS Error</errorDesc>
    </DPErrorCode>
    <DPErrorCode value="1034">
        <errorCode>VEAI301034E</errorCode>
        <errorCategory>UPSS Error</errorCategory>
        <errorDesc>ERROR:Amount should not be negative.Credit function is not available.|| UPSS Error</errorDesc>
    </DPErrorCode>
    <DPErrorCode value="1035">
        <errorCode>VEAI301035E</errorCode>
        <errorCategory>UPSS Error</errorCategory>
        <errorDesc>ERROR:Service currently unavailable. Please retry after sometime. || UPSS Error</errorDesc>
    </DPErrorCode>
    <DPErrorCode value="1036">
        <errorCode>VEAI301036E</errorCode>
        <errorCategory>UPSS Error</errorCategory>
        <errorDesc>ERROR:Minimum threshold allowed is -9999.|| UPSS Error</errorDesc>
    </DPErrorCode>
    
    <DPErrorCode value="1041">
        <errorCode>VEAI301041E</errorCode>
        <errorCategory>UPSS Error</errorCategory>
        <errorDesc>ERROR:Amount should be greater than 0.|| UPSS Error</errorDesc>
    </DPErrorCode>
    
    
    
    <ErrorQueue>DOX.DEFAULT.ESB.ERR.01</ErrorQueue>
    
    
    
</ExceptionDetail>